[{"model": "listings.listing", "pk": 1, "fields": {"status": "Active", "realtor": 1, "owner": 2, "title": "\u041e\u0432\u0447\u0438\u043d\u0430", "address": "\u041e\u0432\u0447\u0438\u043d\u0430", "city": "\u041c\u043e\u0441\u043a\u0432\u0430", "state": "\u041c\u043e\u0441\u043a\u0432\u0430", "zipcode": "117036", "description": "\u0422\u0438\u0445\u0438\u0439 \u0446\u0435\u043d\u0442\u0440", "price": 70000, "bedrooms": 1, "bathrooms": "1.5", "garage": 0, "sqft": 40, "m2_total": 34, "floor": 6, "parking": "\u0443\u043b\u0438\u0446\u0430", "lot_size": "0.0", "photo_main": "photos/2020/07/01/Ovchina3.jpg", "photo_1": "", "photo_2": "", "photo_3": "", "photo_4": "", "photo_5": "", "photo_6": "", "is_published": true, "list_date": "2018-01-01T17:02:34Z"}}, {"model": "listings.listing", "pk": 2, "fields": {"status": "Active", "realtor": 1, "owner": 3, "title": "\u0421\u0438\u043c\u0432\u043e\u043b", "address": "\u0443\u043b. \u041d\u0435\u0432\u0435\u043b\u044c\u0441\u043a\u043e\u0433\u043e, \u0434. 3, \u043a\u043e\u0440\u043f. 1", "city": "\u041c\u043e\u0441\u043a\u0432\u0430", "state": "\u041c\u043e\u0441\u043a\u0432\u0430", "zipcode": "117036", "description": "\u0411\u0438\u0437\u043d\u0435\u0441 \u043a\u043b\u0430\u0441\u0441", "price": 70000, "bedrooms": 1, "bathrooms": "1.0", "garage": 0, "sqft": 40, "m2_total": 39, "floor": 13, "parking": "\u0443\u043b\u0438\u0446\u0430", "lot_size": "0.0", "photo_main": "photos/2020/07/01/bedroom_concept.jpg", "photo_1": "photos/2020/07/01/outside.jpg", "photo_2": "", "photo_3": "", "photo_4": "", "photo_5": "", "photo_6": "", "is_published": true, "list_date": "2020-07-01T19:04:44Z"}}, {"model": "listings.listing", "pk": 3, "fields": {"status": "Inactive", "realtor": 1, "owner": 1, "title": "339 Old Town", "address": "339 Old Town Road", "city": "East Setauket", "state": "NY", "zipcode": "00000", "description": "", "price": 370000, "bedrooms": 3, "bathrooms": "1.0", "garage": 0, "sqft": 2000, "m2_total": 0, "floor": 0, "parking": "3", "lot_size": "0.3", "photo_main": "photos/2020/07/01/\u0411\u0443\u0445\u0442\u0430_\u0412\u0438\u0442\u044f\u0437\u044c.jpg", "photo_1": "", "photo_2": "", "photo_3": "", "photo_4": "", "photo_5": "", "photo_6": "", "is_published": false, "list_date": "2019-05-01T19:13:05Z"}}, {"model": "listings.listing", "pk": 4, "fields": {"status": "Active", "realtor": 1, "owner": 1, "title": "406 Drew Lane", "address": "406 Drew Lane", "city": "Carmel", "state": "NY", "zipcode": "10512", "description": "2 bedrooms", "price": 174000, "bedrooms": 2, "bathrooms": "2.0", "garage": 0, "sqft": 2150, "m2_total": 0, "floor": 2, "parking": "1", "lot_size": "0.0", "photo_main": "photos/2020/07/12/\u0411\u0443\u0445\u0442\u0430_\u0412\u0438\u0442\u044f\u0437\u044c.jpg", "photo_1": "", "photo_2": "", "photo_3": "", "photo_4": "", "photo_5": "", "photo_6": "", "is_published": false, "list_date": "2015-11-01T16:31:34Z"}}, {"model": "listings.listing", "pk": 5, "fields": {"status": "Inactive", "realtor": 1, "owner": 1, "title": "45 Arrowhead", "address": "45 Arrowhead", "city": "E. Setauket", "state": "NY", "zipcode": "11733", "description": "", "price": 450000, "bedrooms": 4, "bathrooms": "2.0", "garage": 2, "sqft": 2000, "m2_total": 200, "floor": 2, "parking": "5", "lot_size": "0.3", "photo_main": "photos/2020/07/27/\u0411\u0443\u0445\u0442\u0430_\u0412\u0438\u0442\u044f\u0437\u044c.jpg", "photo_1": "", "photo_2": "", "photo_3": "", "photo_4": "", "photo_5": "", "photo_6": "", "is_published": false, "list_date": "2020-07-21T11:25:59Z"}}, {"model": "records.expensecategory", "pk": 1, "fields": {"category": "Service:Booking"}}, {"model": "records.expensecategory", "pk": 2, "fields": {"category": "Service:Reception"}}, {"model": "records.expensecategory", "pk": 3, "fields": {"category": "Service:Cleaning"}}, {"model": "records.expensecategory", "pk": 4, "fields": {"category": "Service:Repair"}}, {"model": "records.expensecategory", "pk": 5, "fields": {"category": "Service:HOA"}}, {"model": "records.expensecategory", "pk": 6, "fields": {"category": "Utilities:Internet"}}, {"model": "records.expensecategory", "pk": 7, "fields": {"category": "Utilities:Electric"}}, {"model": "records.expensecategory", "pk": 8, "fields": {"category": "Utilities:Oil"}}, {"model": "records.expensecategory", "pk": 9, "fields": {"category": "Service:Maintenance"}}, {"model": "records.expensecategory", "pk": 10, "fields": {"category": "MortageTaxInsurance"}}, {"model": "records.expensecategory", "pk": 11, "fields": {"category": "Utilities:Misc"}}, {"model": "records.expensecategory", "pk": 12, "fields": {"category": "Security Deposit"}}, {"model": "records.expensecategory", "pk": 13, "fields": {"category": "Tax"}}, {"model": "records.expensecategory", "pk": 14, "fields": {"category": "Service:AgentFee"}}, {"model": "records.expense", "pk": 1, "fields": {"unit": 1, "date": "2020-07-01T17:08:08Z", "category": 1, "vendor": "Booking.com", "amount": "950.00", "note": ""}}, {"model": "records.expense", "pk": 2, "fields": {"unit": 1, "date": "2020-07-01T17:09:08Z", "category": 2, "vendor": "\u041d\u0430\u0442\u0430\u043b\u044c\u044f \u0423\u043c\u0430\u043d\u0441\u043a\u0430\u044f", "amount": "500.00", "note": ""}}, {"model": "records.expense", "pk": 3, "fields": {"unit": 2, "date": "2020-02-01T19:09:11Z", "category": 4, "vendor": "\u0410\u043d\u0430\u0441\u0442\u0430\u0441\u0438\u044f \u0426\u0443\u043a\u0430\u043d\u043e\u0432\u0430", "amount": "30000.00", "note": "\u041d\u0430\u0447\u0430\u043b\u044c\u043d\u044b\u0439 \u044d\u0442\u0430\u043f \u0434\u0438\u0437\u0430\u0439\u043d \u043f\u0440\u043e\u0435\u043a\u0442\u0430"}}, {"model": "records.expense", "pk": 4, "fields": {"unit": 2, "date": "2020-06-01T19:11:34Z", "category": 4, "vendor": "\u0412\u044f\u0447\u0435\u0441\u043b\u0430\u0432 \u0410\u0432\u0434\u044e\u0445\u043e\u0432", "amount": "10000.00", "note": "\u043f\u043b\u0430\u043d \u0432\u0435\u043d\u0442\u0438\u043b\u044f\u0446\u0438\u0438 \u0438 \u043a\u043e\u043d\u0434\u0438\u0446\u0438\u043e\u043d\u0435\u0440\u043e\u0432"}}, {"model": "records.expense", "pk": 5, "fields": {"unit": 3, "date": "2020-07-01T19:16:35Z", "category": 4, "vendor": "John (COREY PRONSKY)", "amount": "4453.00", "note": "clean after James Qu"}}, {"model": "records.expense", "pk": 6, "fields": {"unit": 1, "date": "2020-06-30T19:19:18Z", "category": 2, "vendor": "\u041d\u0430\u0442\u0430\u043b\u044c\u044f \u0423\u043c\u0430\u043d\u0441\u043a\u0430\u044f", "amount": "500.00", "note": ""}}, {"model": "records.expense", "pk": 7, "fields": {"unit": 1, "date": "2020-06-30T19:20:06Z", "category": 3, "vendor": "\u041d\u0430\u0442\u0430\u043b\u044c\u044f \u0423\u043c\u0430\u043d\u0441\u043a\u0430\u044f", "amount": "2000.00", "note": ""}}, {"model": "records.expense", "pk": 8, "fields": {"unit": 2, "date": "2020-07-02T12:08:37Z", "category": 4, "vendor": "\u0418\u043b\u044c\u044f \u0422\u0435\u0442\u0440\u0430\u0434\u0437\u0435", "amount": "10000.00", "note": "\u044d\u043b\u0435\u043a\u0442\u0440\u0438\u0447\u0435\u0441\u043a\u0430\u044f \u0441\u0445\u0435\u043c\u0430"}}, {"model": "records.expense", "pk": 9, "fields": {"unit": 1, "date": "2020-07-03T12:49:31Z", "category": 3, "vendor": "\u0410\u043b\u043b\u0430", "amount": "2000.00", "note": "\u0427\u0435\u043b\u043e\u0432\u0435\u043a \u041d\u0430\u0442\u0430\u043b\u044c\u0438 \u0423\u043c\u0430\u043d\u0441\u043a\u043e\u0439"}}, {"model": "records.expense", "pk": 10, "fields": {"unit": 1, "date": "2020-07-09T04:47:04Z", "category": 3, "vendor": "\u041d\u0430\u0442\u0430\u043b\u044c\u044f \u0423\u043c\u0430\u043d\u0441\u043a\u0430\u044f", "amount": "2000.00", "note": ""}}, {"model": "records.expense", "pk": 11, "fields": {"unit": 3, "date": "2020-07-10T08:22:10Z", "category": 4, "vendor": "John (Corey Pronsky)", "amount": "650.00", "note": ""}}, {"model": "records.expense", "pk": 12, "fields": {"unit": 1, "date": "2020-07-11T04:31:08Z", "category": 2, "vendor": "\u041d\u0430\u0442\u0430\u043b\u044c\u044f \u0423\u043c\u0430\u043d\u0441\u043a\u0430\u044f", "amount": "500.00", "note": ""}}, {"model": "records.expense", "pk": 13, "fields": {"unit": 3, "date": "2020-07-10T05:56:22Z", "category": 9, "vendor": "EVGUENIA ALEXANDROVA", "amount": "50.00", "note": "Mowing (her son)"}}, {"model": "records.expense", "pk": 14, "fields": {"unit": 4, "date": "2020-07-06T16:45:17Z", "category": 5, "vendor": "", "amount": "478.69", "note": ""}}, {"model": "records.expense", "pk": 15, "fields": {"unit": 1, "date": "2020-07-13T12:53:26Z", "category": 6, "vendor": "\u041e\u043d\u043b\u0430\u0439\u043c", "amount": "854.00", "note": ""}}, {"model": "records.expense", "pk": 16, "fields": {"unit": 1, "date": "2020-07-16T16:49:13Z", "category": 3, "vendor": "\u041d\u0430\u0442\u0430\u043b\u044c\u044f \u0423\u043c\u0430\u043d\u0441\u043a\u0430\u044f", "amount": "2000.00", "note": ""}}, {"model": "records.expense", "pk": 17, "fields": {"unit": 1, "date": "2020-07-17T08:39:51Z", "category": 2, "vendor": "\u041d\u0430\u0442\u0430\u043b\u044c\u044f \u0423\u043c\u0430\u043d\u0441\u043a\u0430\u044f", "amount": "500.00", "note": ""}}, {"model": "records.expense", "pk": 18, "fields": {"unit": 1, "date": "2020-07-07T06:57:33Z", "category": 7, "vendor": "", "amount": "3000.00", "note": ""}}, {"model": "records.expense", "pk": 19, "fields": {"unit": 1, "date": "2020-07-22T06:41:42Z", "category": 2, "vendor": "\u041d\u0430\u0442\u0430\u043b\u044c\u044f \u0423\u043c\u0430\u043d\u0441\u043a\u0430\u044f", "amount": "800.00", "note": "\u044d\u043a\u0441\u0442\u0440\u0430 300 \u0437\u0430 \u0434\u043e\u043b\u0433\u043e\u0435 \u043e\u0436\u0438\u0434\u0430\u043d\u0438\u0435 + \u0442\u0443\u0430\u043b\u0435\u0442\u043d\u0430\u044f \u0431\u0443\u043c\u0430\u0433\u0430"}}, {"model": "records.expense", "pk": 20, "fields": {"unit": 1, "date": "2020-07-22T05:11:24Z", "category": 3, "vendor": "\u041d\u0430\u0442\u0430\u043b\u044c\u044f \u0423\u043c\u0430\u043d\u0441\u043a\u0430\u044f", "amount": "2000.00", "note": ""}}, {"model": "records.expense", "pk": 21, "fields": {"unit": 1, "date": "2020-07-29T15:55:24Z", "category": 4, "vendor": "\u0410\u043b\u0435\u043a\u0441\u0435\u0439 \u041a\u0440\u0430\u0432\u0447\u0438\u043d +7(905)581-8706", "amount": "2000.00", "note": "\u0437\u0430\u043c\u0435\u043d\u0430 \u0437\u0430\u043c\u043a\u0430 \u0432 \u0442\u0443\u0430\u043b\u0435\u0442\u0435"}}, {"model": "records.expense", "pk": 22, "fields": {"unit": 1, "date": "2020-07-29T15:57:07Z", "category": 3, "vendor": "\u041d\u0430\u0442\u0430\u043b\u044c\u044f \u0423\u043c\u0430\u043d\u0441\u043a\u0430\u044f", "amount": "2000.00", "note": ""}}, {"model": "records.expense", "pk": 23, "fields": {"unit": 1, "date": "2020-07-30T06:30:53Z", "category": 2, "vendor": "\u041d\u0430\u0442\u0430\u043b\u044c\u044f \u0423\u043c\u0430\u043d\u0441\u043a\u0430\u044f", "amount": "500.00", "note": ""}}, {"model": "records.expense", "pk": 24, "fields": {"unit": 1, "date": "2020-07-31T07:36:10Z", "category": 1, "vendor": "Booking.com", "amount": "1145.00", "note": "for June"}}, {"model": "records.expense", "pk": 25, "fields": {"unit": 3, "date": "2020-07-31T13:30:50Z", "category": 4, "vendor": "John (COREY PRONSKY)", "amount": "550.00", "note": "pluming"}}, {"model": "records.expense", "pk": 26, "fields": {"unit": 3, "date": "2020-07-31T13:31:42Z", "category": 9, "vendor": "EVGUENIA ALEXANDROVA", "amount": "40.00", "note": "mowing (her son)"}}, {"model": "records.expense", "pk": 27, "fields": {"unit": 5, "date": "2020-07-31T20:04:55Z", "category": 8, "vendor": "Romeo Fuel", "amount": "284.75", "note": "by Michael Monroe"}}, {"model": "records.expense", "pk": 28, "fields": {"unit": 5, "date": "2020-08-01T15:14:17Z", "category": 4, "vendor": "Michael Monroe", "amount": "140.13", "note": "Lock from Lowes ordered/installed by Michael Monroe"}}, {"model": "records.expense", "pk": 29, "fields": {"unit": 5, "date": "2020-08-01T15:16:46Z", "category": 3, "vendor": "Michael Monroe", "amount": "23.21", "note": "cleaning supplies"}}, {"model": "records.expense", "pk": 30, "fields": {"unit": 5, "date": "2020-08-02T15:17:32Z", "category": 4, "vendor": "Michael Monroe", "amount": "38.44", "note": "Smoke/CO2 detector"}}, {"model": "records.expense", "pk": 31, "fields": {"unit": 5, "date": "2020-08-02T15:18:35Z", "category": 4, "vendor": "Michael Monroe", "amount": "10.48", "note": "Electric Outlet Cover"}}, {"model": "records.expense", "pk": 32, "fields": {"unit": 5, "date": "2020-08-02T15:19:24Z", "category": 4, "vendor": "Michael Monroe", "amount": "50.61", "note": "Air Duct Vent / CO2 detectors"}}, {"model": "records.expense", "pk": 33, "fields": {"unit": 5, "date": "2020-08-03T15:23:08Z", "category": 9, "vendor": "Michael Monroe", "amount": "200.00", "note": "August"}}, {"model": "records.expense", "pk": 34, "fields": {"unit": 1, "date": "2020-08-02T08:38:46Z", "category": 3, "vendor": "\u041d\u0430\u0442\u0430\u043b\u044c\u044f \u0423\u043c\u0430\u043d\u0441\u043a\u0430\u044f", "amount": "2000.00", "note": ""}}, {"model": "records.expense", "pk": 35, "fields": {"unit": 1, "date": "2020-08-06T08:44:24Z", "category": 2, "vendor": "\u041d\u0430\u0442\u0430\u043b\u044c\u044f \u0423\u043c\u0430\u043d\u0441\u043a\u0430\u044f", "amount": "500.00", "note": ""}}, {"model": "records.expense", "pk": 36, "fields": {"unit": 3, "date": "2020-08-04T08:51:49Z", "category": 10, "vendor": "Wells Fargo", "amount": "2411.42", "note": "August"}}, {"model": "records.expense", "pk": 37, "fields": {"unit": 4, "date": "2020-08-04T08:53:40Z", "category": 5, "vendor": "", "amount": "478.69", "note": "August"}}, {"model": "records.expense", "pk": 38, "fields": {"unit": 3, "date": "2020-08-05T08:54:38Z", "category": 4, "vendor": "John (COREY PRONSKY)", "amount": "850.00", "note": "Dishwasher, bricks, stairs, etc"}}, {"model": "records.expense", "pk": 39, "fields": {"unit": 2, "date": "2020-08-04T09:12:09Z", "category": 4, "vendor": "\u0410\u0440\u0442\u0443\u0440 \u0413\u044e\u0440\u0434\u0436\u044f\u043d", "amount": "8000.00", "note": "\u0421\u043c\u0435\u0442\u0430 \u0440\u0435\u043c\u043e\u043d\u0442\u0430"}}, {"model": "records.expense", "pk": 40, "fields": {"unit": 2, "date": "2020-08-04T09:13:05Z", "category": 4, "vendor": "\u0410\u0440\u0442\u0443\u0440 \u0413\u044e\u0440\u0434\u0436\u044f\u043d", "amount": "91000.00", "note": "\u041c\u0430\u0442\u0435\u0440\u0438\u0430\u043b\u044b \u0447\u0430\u0441\u0442\u044c 1"}}, {"model": "records.expense", "pk": 41, "fields": {"unit": 2, "date": "2020-07-19T09:15:12Z", "category": 4, "vendor": "\u0410\u043d\u0430\u0441\u0442\u0430\u0441\u0438\u044f \u0426\u0443\u043a\u0430\u043d\u043e\u0432\u0430", "amount": "30000.00", "note": "\u0410\u0432\u0442\u043e\u0440\u0441\u043a\u0438\u0439 \u043d\u0430\u0434\u0437\u043e\u0440 \u043c\u0435\u0441\u044f\u0446 1"}}, {"model": "records.expense", "pk": 42, "fields": {"unit": 2, "date": "2020-03-12T09:20:50Z", "category": 4, "vendor": "\u0410\u043d\u0430\u0441\u0442\u0430\u0441\u0438\u044f \u0426\u0443\u043a\u0430\u043d\u043e\u0432\u0430", "amount": "45000.00", "note": "\u0424\u0438\u043d\u0430\u043b\u044c\u043d\u044b\u0439 \u044d\u0442\u0430\u043f \u0434\u0438\u0437\u0430\u0439\u043d \u043f\u0440\u043e\u0435\u043a\u0442\u0430"}}, {"model": "records.expense", "pk": 43, "fields": {"unit": 1, "date": "2020-08-09T13:53:15Z", "category": 3, "vendor": "\u041d\u0430\u0442\u0430\u043b\u044c\u044f \u0423\u043c\u0430\u043d\u0441\u043a\u0430\u044f", "amount": "2000.00", "note": ""}}, {"model": "records.expense", "pk": 44, "fields": {"unit": 1, "date": "2020-08-01T09:59:26Z", "category": 11, "vendor": "mos.ru", "amount": "3426.44", "note": ""}}, {"model": "records.expense", "pk": 45, "fields": {"unit": 1, "date": "2020-08-01T10:00:38Z", "category": 11, "vendor": "mos.ru", "amount": "65.27", "note": "\u0423\u0447\u0438\u0442\u044b\u0432\u0430\u0442\u044c \u0441\u0443\u043c\u043c\u0443 \u0434\u043e\u0431\u0440\u043e\u0432\u043e\u043b\u044c\u043d\u043e\u0433\u043e \u0441\u0442\u0440\u0430\u0445\u043e\u0432\u0430\u043d\u0438\u044f"}}, {"model": "records.expense", "pk": 46, "fields": {"unit": 1, "date": "2020-07-01T10:26:29Z", "category": 11, "vendor": "mos.ru", "amount": "3802.89", "note": "\u0416\u041a\u0423"}}, {"model": "records.expense", "pk": 47, "fields": {"unit": 1, "date": "2020-08-01T10:31:15Z", "category": 7, "vendor": "mos.ru", "amount": "827.88", "note": ""}}, {"model": "records.expense", "pk": 48, "fields": {"unit": 1, "date": "2020-06-01T10:34:16Z", "category": 11, "vendor": "mos.ru", "amount": "2604.25", "note": "\u0416\u041a\u0423"}}, {"model": "records.expense", "pk": 49, "fields": {"unit": 1, "date": "2020-08-18T18:18:29Z", "category": 3, "vendor": "\u041d\u0430\u0442\u0430\u043b\u044c\u044f \u0423\u043c\u0430\u043d\u0441\u043a\u0430\u044f", "amount": "2000.00", "note": ""}}, {"model": "records.expense", "pk": 50, "fields": {"unit": 3, "date": "2020-08-31T11:11:54Z", "category": 4, "vendor": "\u0410\u043d\u0434\u0440\u0435\u0439 (\u0416\u0435\u043d\u044f \u0410\u043b\u0435\u043a\u0441\u0430\u043d\u0434\u0440\u043e\u0432\u0430)", "amount": "510.00", "note": "Finish deck"}}, {"model": "records.expense", "pk": 51, "fields": {"unit": 3, "date": "2020-08-25T11:12:45Z", "category": 3, "vendor": "Frank Raspanti", "amount": "2000.00", "note": "Remove trees"}}, {"model": "records.expense", "pk": 52, "fields": {"unit": 1, "date": "2020-08-22T11:13:58Z", "category": 3, "vendor": "\u041d\u0430\u0442\u0430\u043b\u044c\u044f \u0423\u043c\u0430\u043d\u0441\u043a\u0430\u044f", "amount": "2000.00", "note": ""}}, {"model": "records.expense", "pk": 53, "fields": {"unit": 1, "date": "2020-08-25T11:18:19Z", "category": 3, "vendor": "\u041d\u0430\u0442\u0430\u043b\u044c\u044f \u0423\u043c\u0430\u043d\u0441\u043a\u0430\u044f", "amount": "2000.00", "note": ""}}, {"model": "records.expense", "pk": 54, "fields": {"unit": 4, "date": "2020-08-24T11:58:56Z", "category": 12, "vendor": "", "amount": "3000.00", "note": "return to John Rossetti"}}, {"model": "records.expense", "pk": 55, "fields": {"unit": 5, "date": "2020-08-31T19:33:33Z", "category": 10, "vendor": "Evolve Bank & Trust", "amount": "3123.04", "note": "September"}}, {"model": "records.expense", "pk": 56, "fields": {"unit": 4, "date": "2020-08-27T07:15:41Z", "category": 4, "vendor": "Jiri Novak", "amount": "650.00", "note": "Repair water damage in closet"}}, {"model": "records.expense", "pk": 57, "fields": {"unit": 4, "date": "2020-08-28T07:16:59Z", "category": 3, "vendor": "c/o NATALIA PAZDZERSKAIA", "amount": "70.00", "note": "clean before showing"}}, {"model": "records.expense", "pk": 58, "fields": {"unit": 1, "date": "2020-08-27T08:48:09Z", "category": 1, "vendor": "booking.com", "amount": "2843.00", "note": ""}}, {"model": "records.expense", "pk": 59, "fields": {"unit": 2, "date": "2020-08-19T07:43:54Z", "category": 4, "vendor": "\u0410\u043d\u0430\u0441\u0442\u0430\u0441\u0438\u044f \u0426\u0443\u043a\u0430\u043d\u043e\u0432\u0430", "amount": "30000.00", "note": "\u0410\u0432\u0442\u043e\u0440\u0441\u043a\u0438\u0439 \u043d\u0430\u0434\u0437\u043e\u0440 \u043c\u0435\u0441\u044f\u0446 2"}}, {"model": "records.expense", "pk": 60, "fields": {"unit": 2, "date": "2020-08-12T07:45:34Z", "category": 4, "vendor": "\u0410\u0440\u0442\u0443\u0440 \u0413\u044e\u0440\u0434\u0436\u044f\u043d", "amount": "5770.00", "note": "\u041c\u0430\u0442\u0435\u0440\u0438\u0430\u043b\u044b \u0447\u0430\u0441\u0442\u044c 2"}}, {"model": "records.expense", "pk": 61, "fields": {"unit": 2, "date": "2020-08-18T07:47:29Z", "category": 4, "vendor": "\u0410\u0440\u0442\u0443\u0440 \u0413\u044e\u0440\u0434\u0436\u044f\u043d", "amount": "80000.00", "note": "\u041e\u043f\u043b\u0430\u0442\u0430 \u0440\u0435\u043c\u043e\u043d\u0442\u0430: \u044d\u0442\u0430\u043f 1 \u0438\u0437 6"}}, {"model": "records.expense", "pk": 62, "fields": {"unit": 2, "date": "2020-08-18T07:48:31Z", "category": 4, "vendor": "\u0410\u0440\u0442\u0443\u0440 \u0413\u044e\u0440\u0434\u0436\u044f\u043d", "amount": "121000.00", "note": "\u041c\u0430\u0442\u0435\u0440\u0438\u0430\u043b\u044b 3 - \u0441\u0430\u043d\u0442\u0435\u0445\u043d\u0438\u043a\u0430 \u0438 \u044d\u043b\u0435\u043a\u0442\u0440\u0438\u043a\u0430"}}, {"model": "records.expense", "pk": 63, "fields": {"unit": 2, "date": "2020-08-21T07:49:46Z", "category": 4, "vendor": "\u0410\u0440\u0442\u0443\u0440 \u0413\u044e\u0440\u0434\u0436\u044f\u043d", "amount": "9050.00", "note": "\u041c\u0430\u0442\u0435\u0440\u0438\u0430\u043b\u044b 4 - \u0441\u0430\u043d\u0442\u0435\u0445\u043d\u0438\u043a\u0430 \u0438 \u044d\u043b\u0435\u043a\u0442\u0440\u0438\u043a\u0430"}}, {"model": "records.expense", "pk": 64, "fields": {"unit": 2, "date": "2020-08-24T07:50:50Z", "category": 4, "vendor": "\u0418\u0432\u0430\u043d \u0412\u043b\u0430\u0441", "amount": "28850.00", "note": "\u043f\u043e\u0434\u0433\u043e\u0442\u043e\u0432\u043a\u0430 \u043f\u043e\u0434 \u043a\u043e\u043d\u0434\u0438\u0446\u0438\u043e\u043d\u0435\u0440: \u0440\u0430\u0431\u043e\u0442\u0430 \u0438 \u043c\u0430\u0442\u0435\u0440\u0438\u0430\u043b\u044b"}}, {"model": "records.expense", "pk": 65, "fields": {"unit": 2, "date": "2020-08-31T06:12:15Z", "category": 4, "vendor": "\u0421\u0442\u0430\u043d\u0438\u0441\u043b\u0430\u0432 \u0427\u0435\u0440\u043d\u043e\u0432", "amount": "71017.00", "note": "\u041c\u0430\u0442\u0435\u0440\u0438\u0430\u043b\u044b \u0434\u043b\u044f \u0432\u0435\u043d\u0442\u0438\u043b\u044f\u0446\u0438\u0438"}}, {"model": "records.expense", "pk": 66, "fields": {"unit": 2, "date": "2020-09-02T07:19:51Z", "category": 4, "vendor": "\u0421\u0442\u0430\u043d\u0438\u0441\u043b\u0430\u0432 \u0427\u0435\u0440\u043d\u043e\u0432", "amount": "26817.00", "note": "\u0410\u0432\u0430\u043d\u0441 \u0437\u0430 \u0432\u0435\u043d\u0442\u0438\u043b\u044f\u0446\u0438\u044e"}}, {"model": "records.expense", "pk": 67, "fields": {"unit": 2, "date": "2020-09-03T07:21:35Z", "category": 4, "vendor": "\u0410\u0440\u0442\u0443\u0440 \u0413\u044e\u0440\u0434\u0436\u0430\u043d", "amount": "80000.00", "note": "\u041e\u043f\u043b\u0430\u0442\u0430 \u0440\u0435\u043c\u043e\u043d\u0442\u0430: \u044d\u0442\u0430\u043f 2 \u0438\u0437 6"}}, {"model": "records.expense", "pk": 68, "fields": {"unit": 2, "date": "2020-09-03T08:45:16Z", "category": 4, "vendor": "Stiebel (495)565-3482", "amount": "29900.00", "note": "\u0432\u043e\u0434\u043e\u043d\u0430\u0433\u0440\u0435\u0432\u0430\u0442\u0435\u043b\u044c Eltron HDB-E 12 Si"}}, {"model": "records.expense", "pk": 69, "fields": {"unit": 1, "date": "2020-09-03T16:44:55Z", "category": 11, "vendor": "mos.ru", "amount": "18805.89", "note": "\u0416\u041a\u0423 \u042f\u043d\u0432-\u041c\u0430\u0439 2020"}}, {"model": "records.expense", "pk": 70, "fields": {"unit": 1, "date": "2020-09-03T16:51:25Z", "category": 7, "vendor": "", "amount": "539.67", "note": ""}}, {"model": "records.expense", "pk": 71, "fields": {"unit": 1, "date": "2020-09-03T16:57:12Z", "category": 11, "vendor": "mos.ru", "amount": "3348.83", "note": "\u0416\u041a\u0423 \u0414\u0435\u043a 2019"}}, {"model": "records.expense", "pk": 72, "fields": {"unit": 4, "date": "2020-09-04T10:02:28Z", "category": 5, "vendor": "", "amount": "478.69", "note": "September 1132850608"}}, {"model": "records.expense", "pk": 73, "fields": {"unit": 3, "date": "2020-09-02T10:03:25Z", "category": 10, "vendor": "Wells Fargo", "amount": "2411.42", "note": "September"}}, {"model": "records.expense", "pk": 74, "fields": {"unit": 4, "date": "2020-09-08T05:54:08Z", "category": 5, "vendor": "", "amount": "100.00", "note": "new tenant fee 1800098774"}}, {"model": "records.expense", "pk": 75, "fields": {"unit": 5, "date": "2020-09-06T15:01:01Z", "category": 4, "vendor": "Samsung", "amount": "622.42", "note": "New washing machine"}}, {"model": "records.expense", "pk": 76, "fields": {"unit": 1, "date": "2020-08-27T15:02:57Z", "category": 1, "vendor": "booking.com", "amount": "2843.00", "note": ""}}, {"model": "records.expense", "pk": 77, "fields": {"unit": 1, "date": "2020-09-01T15:07:05Z", "category": 3, "vendor": "\u041d\u0430\u0442\u0430\u043b\u044c\u044f \u0423\u043c\u0430\u043d\u0441\u043a\u0430\u044f", "amount": "2000.00", "note": ""}}, {"model": "records.expense", "pk": 78, "fields": {"unit": 1, "date": "2020-09-03T15:07:25Z", "category": 2, "vendor": "\u041d\u0430\u0442\u0430\u043b\u044c\u044f \u0423\u043c\u0430\u043d\u0441\u043a\u0430\u044f", "amount": "500.00", "note": ""}}, {"model": "records.expense", "pk": 79, "fields": {"unit": 5, "date": "2020-09-04T15:08:27Z", "category": 4, "vendor": "Michael Monroe", "amount": "72.00", "note": "Springs for washing machine"}}, {"model": "records.expense", "pk": 80, "fields": {"unit": 2, "date": "2020-09-01T07:48:18Z", "category": 4, "vendor": "\u0410\u043d\u0442\u043e\u043d", "amount": "5000.00", "note": "\u043a\u043e\u043d\u0441\u0443\u043b\u044c\u0442\u0430\u0446\u0438\u044f \u044d\u043b\u0435\u043a\u0442\u0440\u043e\u043b\u0430\u0431\u043e\u0440\u0430\u0442\u043e\u0440\u0438\u0438"}}, {"model": "records.expense", "pk": 81, "fields": {"unit": 2, "date": "2020-09-07T07:55:05Z", "category": 4, "vendor": "\u0410\u0440\u0442\u0443\u0440 \u0413\u044e\u0440\u0434\u0436\u0430\u043d", "amount": "56000.00", "note": "\u041c\u0430\u0442\u0435\u0440\u0438\u0430\u043b\u044b 5 - \u0441\u0442\u044f\u0436\u043a\u0430, \u043f\u043e\u0442\u043e\u043b\u043e\u043a"}}, {"model": "records.expense", "pk": 82, "fields": {"unit": 1, "date": "2020-09-09T05:29:57Z", "category": 3, "vendor": "\u041d\u0430\u0442\u0430\u043b\u044c\u044f \u0423\u043c\u0430\u043d\u0441\u043a\u0430\u044f", "amount": "2000.00", "note": ""}}, {"model": "records.expense", "pk": 83, "fields": {"unit": 1, "date": "2020-09-13T16:53:51Z", "category": 6, "vendor": "\u0420\u043e\u0441\u0442\u0435\u043b\u0435\u043a\u043e\u043c", "amount": "842.95", "note": ""}}, {"model": "records.expense", "pk": 84, "fields": {"unit": 1, "date": "2020-09-13T17:01:55Z", "category": 3, "vendor": "\u041d\u0430\u0442\u0430\u043b\u044c\u044f \u0423\u043c\u0430\u043d\u0441\u043a\u0430\u044f", "amount": "2000.00", "note": ""}}, {"model": "records.expense", "pk": 85, "fields": {"unit": 1, "date": "2020-09-14T17:02:21Z", "category": 4, "vendor": "\u0443\u043f\u0440\u0430\u0432\u043b\u044f\u044e\u0449\u0430\u044f \u043a\u043e\u043c\u043f\u0430\u043d\u0438\u044f", "amount": "500.00", "note": "\u043f\u0440\u043e\u0447\u0438\u0441\u0442\u043a\u0430 \u043a\u0430\u043d\u0430\u043b\u0438\u0437\u0430\u0446\u0438\u0438"}}, {"model": "records.expense", "pk": 86, "fields": {"unit": 1, "date": "2020-09-14T17:14:05Z", "category": 4, "vendor": "\u0422\u0438\u043c\u0443\u0440 \u042e\u043d\u0443\u0441\u043e\u0432", "amount": "4000.00", "note": "\u0440\u0435\u043c\u043e\u043d\u0442 \u0441\u0442\u0438\u0440\u0430\u043b\u044c\u043d\u043e\u0439 \u043c\u0430\u0448\u0438\u043d\u044b"}}, {"model": "records.expense", "pk": 87, "fields": {"unit": 2, "date": "2020-09-17T05:38:14Z", "category": 4, "vendor": "\u0410\u0440\u0442\u0443\u0440 \u0413\u044e\u0440\u0434\u0436\u044f\u043d", "amount": "25000.00", "note": "\u041c\u0430\u0442\u0435\u0440\u0438\u0430\u043b\u044b 7 - \u043b\u044e\u0447\u043a\u0438, \u0431\u043b\u043e\u043a\u0438, \u0441\u0442\u0435\u043a\u043b\u043e\u0445\u043e\u043b\u0441\u0442"}}, {"model": "records.expense", "pk": 88, "fields": {"unit": 2, "date": "2020-09-16T05:40:16Z", "category": 4, "vendor": "\u0421\u0442\u0430\u043d\u0438\u0441\u043b\u0430\u0432 \u0427\u0435\u0440\u043d\u043e\u0432", "amount": "17878.00", "note": "\u0444\u0438\u043d\u0430\u043b\u044c\u043d\u044b\u0439 \u043f\u043b\u0430\u0442\u0435\u0436 \u0432\u0435\u043d\u0442\u0438\u043b\u044f\u0446\u0438\u044f"}}, {"model": "records.expense", "pk": 89, "fields": {"unit": 2, "date": "2020-09-16T05:41:44Z", "category": 4, "vendor": "\u0421\u0442\u0430\u043d\u0438\u0441\u043b\u0430\u0432 \u0427\u0435\u0440\u043d\u043e\u0432", "amount": "6200.00", "note": "\u043f\u0435\u0440\u0435\u0434\u0435\u043b\u043a\u0438 \u0432\u0435\u043d\u0442\u0438\u043b\u044f\u0446\u0438\u044f"}}, {"model": "records.expense", "pk": 90, "fields": {"unit": 2, "date": "2020-09-09T05:44:07Z", "category": 4, "vendor": "\u0410\u0440\u0442\u0443\u0440 \u0413\u044e\u0440\u0434\u0436\u044f\u043d", "amount": "7845.00", "note": "\u041c\u0430\u0442\u0435\u0440\u0438\u0430\u043b\u044b 6"}}, {"model": "records.expense", "pk": 91, "fields": {"unit": 2, "date": "2020-09-18T10:57:22Z", "category": 4, "vendor": "doors777.ru", "amount": "37150.00", "note": "50% \u043f\u0440\u0435\u0434\u043e\u043f\u043b\u0430\u0442\u0430 \u0434\u0432\u0435\u0440\u0435\u0439"}}, {"model": "records.expense", "pk": 92, "fields": {"unit": 2, "date": "2020-09-20T16:38:36Z", "category": 4, "vendor": "\u0410\u043d\u0430\u0441\u0442\u0430\u0441\u0438\u044f \u0426\u0443\u043a\u0430\u043d\u043e\u0432\u0430", "amount": "30000.00", "note": "\u0410\u0432\u0442\u043e\u0440\u0441\u043a\u0438\u0439 \u043d\u0430\u0434\u0437\u043e\u0440 \u043c\u0435\u0441\u044f\u0446 2"}}, {"model": "records.expense", "pk": 93, "fields": {"unit": 4, "date": "2020-09-17T07:41:27Z", "category": 13, "vendor": "TOWN OF CARMEL", "amount": "3845.27", "note": ""}}, {"model": "records.expense", "pk": 94, "fields": {"unit": 1, "date": "2020-09-18T11:53:06Z", "category": 3, "vendor": "\u041d\u0430\u0442\u0430\u043b\u044c\u044f \u0423\u043c\u0430\u043d\u0441\u043a\u0430\u044f", "amount": "2000.00", "note": ""}}, {"model": "records.expense", "pk": 95, "fields": {"unit": 2, "date": "2020-09-22T05:40:05Z", "category": 4, "vendor": "\u0410\u0440\u0442\u0443\u0440 \u0413\u044e\u0440\u0434\u0436\u0430\u043d", "amount": "80000.00", "note": "3/6 \u044d\u0442\u0430\u043f \u0440\u0430\u0431\u043e\u0442\u044b"}}, {"model": "records.expense", "pk": 96, "fields": {"unit": 2, "date": "2020-09-22T11:10:23Z", "category": 4, "vendor": "\u042e\u0440\u0438\u0439 \u0412\u043b\u0430\u0441\u043e\u0432 +7(915)267-6636", "amount": "3500.00", "note": "\u0423\u0441\u0442\u0430\u043d\u043e\u0432\u043a\u0430 \u0432\u043e\u0434\u043e\u043d\u0430\u0433\u0440\u0435\u0432\u0430\u0442\u0435\u043b\u044f"}}, {"model": "records.expense", "pk": 97, "fields": {"unit": 1, "date": "2020-09-23T13:32:58Z", "category": 3, "vendor": "\u041d\u0430\u0442\u0430\u043b\u044c\u044f \u0423\u043c\u0430\u043d\u0441\u043a\u0430\u044f", "amount": "2000.00", "note": ""}}, {"model": "records.expense", "pk": 98, "fields": {"unit": 1, "date": "2020-09-23T13:33:29Z", "category": 2, "vendor": "\u041d\u0430\u0442\u0430\u043b\u044c\u044f \u0423\u043c\u0430\u043d\u0441\u043a\u0430\u044f", "amount": "500.00", "note": ""}}, {"model": "records.expense", "pk": 99, "fields": {"unit": 1, "date": "2020-09-28T15:50:30Z", "category": 3, "vendor": "\u041d\u0430\u0442\u0430\u043b\u044c\u044f \u0423\u043c\u0430\u043d\u0441\u043a\u0430\u044f", "amount": "2000.00", "note": ""}}, {"model": "records.expense", "pk": 100, "fields": {"unit": 1, "date": "2020-09-29T15:50:56Z", "category": 2, "vendor": "\u041d\u0430\u0442\u0430\u043b\u044c\u044f \u0423\u043c\u0430\u043d\u0441\u043a\u0430\u044f", "amount": "500.00", "note": ""}}, {"model": "records.expense", "pk": 101, "fields": {"unit": 2, "date": "2020-10-01T15:50:32Z", "category": 4, "vendor": "\u0418\u041f \u0413\u0443\u0449\u0438\u043d \u0412\u0438\u043a\u0442\u043e\u0440 \u041d\u0438\u043a\u043e\u043b\u0430\u0435\u0432\u0438\u0447, \u0418\u041d\u041d 322601374975, \u0442\u0435\u043b.: +7-499-408-49-96, 8-800-350-56-53", "amount": "17360.00", "note": "\u041f\u043e\u0434\u043e\u043a\u043e\u043d\u043d\u0438\u043a\u0438 - \u0421\u0447\u0435\u0442 \u043d\u0430 \u043e\u043f\u043b\u0430\u0442\u0443 \u2116 485 \u043e\u0442 23 \u0441\u0435\u043d\u0442\u044f\u0431\u0440\u044f 2020 \u0433."}}, {"model": "records.expense", "pk": 102, "fields": {"unit": 5, "date": "2020-10-01T05:39:21Z", "category": 10, "vendor": "", "amount": "3114.04", "note": "October"}}, {"model": "records.expense", "pk": 103, "fields": {"unit": 5, "date": "2020-10-01T05:48:09Z", "category": 10, "vendor": "", "amount": "3114.04", "note": "November"}}, {"model": "records.expense", "pk": 104, "fields": {"unit": 3, "date": "2020-10-02T11:11:46Z", "category": 10, "vendor": "", "amount": "2411.42", "note": "October"}}, {"model": "records.expense", "pk": 105, "fields": {"unit": 4, "date": "2020-10-05T20:15:12Z", "category": 5, "vendor": "", "amount": "478.69", "note": "October"}}, {"model": "records.expense", "pk": 106, "fields": {"unit": 1, "date": "2020-10-02T07:36:32Z", "category": 3, "vendor": "\u041d\u0430\u0442\u0430\u043b\u044c\u044f \u0423\u043c\u0430\u043d\u0441\u043a\u0430\u044f", "amount": "2000.00", "note": ""}}, {"model": "records.expense", "pk": 107, "fields": {"unit": 1, "date": "2020-10-05T07:37:02Z", "category": 3, "vendor": "\u041d\u0430\u0442\u0430\u043b\u044c\u044f \u0423\u043c\u0430\u043d\u0441\u043a\u0430\u044f", "amount": "2150.00", "note": ""}}, {"model": "records.expense", "pk": 108, "fields": {"unit": 1, "date": "2020-10-07T07:37:30Z", "category": 2, "vendor": "\u041d\u0430\u0442\u0430\u043b\u044c\u044f \u0423\u043c\u0430\u043d\u0441\u043a\u0430\u044f", "amount": "500.00", "note": ""}}, {"model": "records.expense", "pk": 109, "fields": {"unit": 4, "date": "2020-09-08T12:44:39Z", "category": 14, "vendor": "Pazdzerskaya, Natalia", "amount": "2250.00", "note": "found tenant: Lou, Ann Murphy"}}, {"model": "records.expense", "pk": 110, "fields": {"unit": 2, "date": "2020-10-08T15:52:42Z", "category": 4, "vendor": "\u0410\u0440\u0442\u0443\u0440 \u0413\u044e\u0440\u0434\u0436\u044f\u043d", "amount": "9181.00", "note": "\u041c\u0430\u0442\u0435\u0440\u0438\u0430\u043b\u044b 8"}}, {"model": "records.expense", "pk": 111, "fields": {"unit": 1, "date": "2020-10-15T06:06:46Z", "category": 11, "vendor": "mos.ru", "amount": "4182.00", "note": "\u0416\u041a\u0423 \u0421\u0435\u043d\u0442\u044f\u0431\u0440\u044c 2020"}}, {"model": "records.expense", "pk": 112, "fields": {"unit": 1, "date": "2020-10-15T06:10:26Z", "category": 11, "vendor": "", "amount": "3597.00", "note": "\u0416\u041a\u0423 \u041e\u043a\u0442\u044f\u0431\u0440\u044c 2020"}}, {"model": "records.expense", "pk": 113, "fields": {"unit": 2, "date": "2020-10-15T09:16:15Z", "category": 4, "vendor": "\u0418\u041f \u041b\u0435\u043f\u0435\u0448\u043a\u0438\u043d\u0430 \u0415\u043b\u0435\u043d\u0430 \u041f\u0435\u0442\u0440\u043e\u0432\u043d\u0430 \u0418\u041d\u041d 772616132700", "amount": "31730.00", "note": "\u041d\u0430\u0441\u0442\u0435\u043d\u043d\u0430\u044f \u043f\u043b\u0438\u0442\u043a\u0430"}}, {"model": "records.expense", "pk": 114, "fields": {"unit": 1, "date": "2020-10-14T09:19:09Z", "category": 2, "vendor": "\u041d\u0430\u0442\u0430\u043b\u044c\u044f \u0423\u043c\u0430\u043d\u0441\u043a\u0430\u044f", "amount": "500.00", "note": ""}}, {"model": "records.revenuecategory", "pk": 1, "fields": {"category": "Rent"}}, {"model": "records.revenuecategory", "pk": 2, "fields": {"category": "Security Deposit"}}, {"model": "records.revenuecategory", "pk": 3, "fields": {"category": "Insurance:Payment"}}, {"model": "records.revenue", "pk": 1, "fields": {"unit": 1, "date": "2020-07-01T19:08:07Z", "category": 1, "guest": "\u0415\u043a\u0430\u0442\u0435\u0440\u0438\u043d\u0430 \u041f\u043e\u0434\u0437\u043e\u0440\u043e\u0432\u0430", "amount": "6361.00", "note": ""}}, {"model": "records.revenue", "pk": 2, "fields": {"unit": 1, "date": "2020-06-30T19:18:13Z", "category": 1, "guest": "\u0410\u043d\u043d\u0430 \u041a\u0443\u0437\u043d\u0435\u0446\u043e\u0432\u0430", "amount": "7800.00", "note": "\u043f\u043e\u043b\u0443\u0447\u0438\u043b\u0438 100 \u0435\u0432\u0440\u043e"}}, {"model": "records.revenue", "pk": 3, "fields": {"unit": 1, "date": "2020-07-03T12:53:26Z", "category": 1, "guest": "\u041e\u043b\u044c\u0433\u0430 \u041a\u043e\u0440\u0435\u043d\u043e\u0432\u0441\u043a\u0430\u044f", "amount": "13303.00", "note": "\u041f\u043e\u0447\u0435\u043c\u0443 otelms \u043f\u0438\u0448\u0435\u0442 13800?"}}, {"model": "records.revenue", "pk": 4, "fields": {"unit": 1, "date": "2020-07-11T04:30:12Z", "category": 1, "guest": "\u041e\u043b\u0435\u0441\u044f \u0413\u0443\u043b\u044f\u0435\u0432\u0430", "amount": "6900.00", "note": ""}}, {"model": "records.revenue", "pk": 5, "fields": {"unit": 3, "date": "2020-07-10T05:52:05Z", "category": 2, "guest": "HILARY HOSCHEL", "amount": "760.00", "note": ""}}, {"model": "records.revenue", "pk": 6, "fields": {"unit": 3, "date": "2020-07-10T05:52:58Z", "category": 2, "guest": "MARIANNE PICKEL", "amount": "760.00", "note": ""}}, {"model": "records.revenue", "pk": 7, "fields": {"unit": 3, "date": "2020-07-10T05:53:45Z", "category": 2, "guest": "TRACIE FOX-RONGO", "amount": "760.00", "note": ""}}, {"model": "records.revenue", "pk": 8, "fields": {"unit": 3, "date": "2020-07-10T05:54:41Z", "category": 2, "guest": "DEANNA WEISENBURGER", "amount": "760.00", "note": ""}}, {"model": "records.revenue", "pk": 9, "fields": {"unit": 4, "date": "2020-07-02T16:41:41Z", "category": 1, "guest": "JOHN ROSSETTI", "amount": "2000.00", "note": "July"}}, {"model": "records.revenue", "pk": 10, "fields": {"unit": 1, "date": "2020-07-12T16:47:14Z", "category": 1, "guest": "\u041e\u043b\u0435\u0441\u044f \u0413\u0443\u043b\u044f\u0435\u0432\u0430", "amount": "4300.00", "note": "add 2 days"}}, {"model": "records.revenue", "pk": 11, "fields": {"unit": 3, "date": "2020-07-14T16:51:59Z", "category": 2, "guest": "RIZZO, CATHERINE", "amount": "760.00", "note": ""}}, {"model": "records.revenue", "pk": 12, "fields": {"unit": 1, "date": "2020-07-17T08:40:27Z", "category": 1, "guest": "\u0421\u0435\u0440\u0433\u0435\u0439 \u041c\u0430\u0441\u043b\u0438\u043a\u043e\u0432", "amount": "10800.00", "note": ""}}, {"model": "records.revenue", "pk": 13, "fields": {"unit": 1, "date": "2020-07-22T06:36:49Z", "category": 1, "guest": "\u041c\u0430\u0440\u044f \u042f\u043a\u0438\u043c\u043e\u0432\u0430 +79232817629", "amount": "13300.00", "note": ""}}, {"model": "records.revenue", "pk": 14, "fields": {"unit": 5, "date": "2020-07-27T11:28:16Z", "category": 2, "guest": "JORDYN NOWAKOWSKI", "amount": "1000.00", "note": "Rent part 1"}}, {"model": "records.revenue", "pk": 15, "fields": {"unit": 5, "date": "2020-07-27T16:07:25Z", "category": 2, "guest": "Jordyn Nowakowski", "amount": "1000.00", "note": "Rent part 2"}}, {"model": "records.revenue", "pk": 16, "fields": {"unit": 3, "date": "2020-07-28T16:08:57Z", "category": 1, "guest": "TRACIE FOX-RONGO", "amount": "720.00", "note": "August"}}, {"model": "records.revenue", "pk": 17, "fields": {"unit": 5, "date": "2020-07-28T13:27:58Z", "category": 2, "guest": "Jordyn Nowakowski", "amount": "1000.00", "note": "Part 3"}}, {"model": "records.revenue", "pk": 18, "fields": {"unit": 3, "date": "2020-07-28T13:29:10Z", "category": 1, "guest": "MARIANNE PICKEL", "amount": "800.00", "note": "August"}}, {"model": "records.revenue", "pk": 19, "fields": {"unit": 5, "date": "2020-07-29T05:20:36Z", "category": 2, "guest": "JORDYN NOWAKOWSKI", "amount": "900.00", "note": ""}}, {"model": "records.revenue", "pk": 20, "fields": {"unit": 1, "date": "2020-07-30T06:31:45Z", "category": 1, "guest": "\u0413\u0435\u0440\u0430\u0441\u0438\u043c\u043e\u0432\u0430 \u041b\u044e\u0431\u043e\u0432\u044c", "amount": "9400.00", "note": ""}}, {"model": "records.revenue", "pk": 21, "fields": {"unit": 3, "date": "2020-08-03T15:04:59Z", "category": 1, "guest": "DEANNA WEISENBURGER", "amount": "800.00", "note": "August"}}, {"model": "records.revenue", "pk": 22, "fields": {"unit": 3, "date": "2020-08-02T15:05:50Z", "category": 1, "guest": "HILARY HOSCHEL", "amount": "720.00", "note": "August"}}, {"model": "records.revenue", "pk": 23, "fields": {"unit": 5, "date": "2020-08-02T15:09:08Z", "category": 1, "guest": "MONROE, MICHAEL", "amount": "1500.00", "note": "August, received $753 (minus repairs)"}}, {"model": "records.revenue", "pk": 25, "fields": {"unit": 5, "date": "2020-07-21T15:28:19Z", "category": 1, "guest": "MONROE, MICHAEL", "amount": "411.00", "note": "July (partial rent after closing)"}}, {"model": "records.revenue", "pk": 26, "fields": {"unit": 4, "date": "2020-08-03T15:31:53Z", "category": 1, "guest": "JOHN ROSSETTI", "amount": "500.00", "note": "August Week 1"}}, {"model": "records.revenue", "pk": 27, "fields": {"unit": 1, "date": "2020-08-06T08:43:24Z", "category": 1, "guest": "\u0411\u0435\u043b\u044c\u0434\u0435\u0435\u0432\u0430, \u0418\u0440\u0438\u043d\u0430", "amount": "9600.00", "note": ""}}, {"model": "records.revenue", "pk": 28, "fields": {"unit": 1, "date": "2020-08-09T13:52:09Z", "category": 1, "guest": "\u0426\u0438\u0433\u043b\u0438\u043d\u0446\u0435\u0432 \u0414\u043c\u0438\u0442\u0440\u0438\u0439", "amount": "32400.00", "note": ""}}, {"model": "records.revenue", "pk": 29, "fields": {"unit": 1, "date": "2020-08-18T18:16:58Z", "category": 1, "guest": "Diash Larisa", "amount": "12800.00", "note": ""}}, {"model": "records.revenue", "pk": 30, "fields": {"unit": 1, "date": "2020-08-25T11:16:40Z", "category": 1, "guest": "\u041c\u0438\u0440\u043e\u043d\u0435\u043d\u043a\u043e, \u041c\u0430\u0442\u0432\u0435\u0439", "amount": "9120.00", "note": ""}}, {"model": "records.revenue", "pk": 31, "fields": {"unit": 1, "date": "2020-08-25T11:20:28Z", "category": 1, "guest": "\u0411\u0430\u043a\u0430\u0435\u0432\u0430, \u0410\u043b\u0435\u043a\u0441\u0430\u043d\u0434\u0440\u0430", "amount": "21546.00", "note": ""}}, {"model": "records.revenue", "pk": 32, "fields": {"unit": 4, "date": "2020-08-10T12:00:57Z", "category": 1, "guest": "JOHN ROSSETTI", "amount": "500.00", "note": "August week 2"}}, {"model": "records.revenue", "pk": 33, "fields": {"unit": 4, "date": "2020-08-17T12:01:30Z", "category": 1, "guest": "JOHN ROSSETTI", "amount": "500.00", "note": "August week 3"}}, {"model": "records.revenue", "pk": 34, "fields": {"unit": 3, "date": "2020-08-24T07:11:06Z", "category": 1, "guest": "RIZZO, CATHERINE", "amount": "760.00", "note": "September"}}, {"model": "records.revenue", "pk": 35, "fields": {"unit": 5, "date": "2020-08-27T07:12:44Z", "category": 1, "guest": "Jordyn Nowakowski", "amount": "1000.00", "note": "August"}}, {"model": "records.revenue", "pk": 36, "fields": {"unit": 5, "date": "2020-08-28T07:13:58Z", "category": 1, "guest": "JORDYN NOWAKOWSKI", "amount": "1000.00", "note": "August 2EB0FM9HSXRB"}}, {"model": "records.revenue", "pk": 37, "fields": {"unit": 3, "date": "2020-08-27T07:14:39Z", "category": 1, "guest": "TRACIE FOX-RONGO", "amount": "720.00", "note": "September"}}, {"model": "records.revenue", "pk": 39, "fields": {"unit": 5, "date": "2020-08-31T08:00:58Z", "category": 1, "guest": "JORDYN NOWAKOWSKI", "amount": "1000.00", "note": "August 2EB0FMAI3S6I"}}, {"model": "records.revenue", "pk": 40, "fields": {"unit": 5, "date": "2020-08-31T09:54:19Z", "category": 1, "guest": "JORDYN NOWAKOWSKI", "amount": "1000.00", "note": "August 2EB0FMCIFMLF"}}, {"model": "records.revenue", "pk": 41, "fields": {"unit": 5, "date": "2020-08-31T09:55:17Z", "category": 1, "guest": "JORDYN NOWAKOWSKI", "amount": "1000.00", "note": "September 2EB0FMBIAGFL"}}, {"model": "records.revenue", "pk": 42, "fields": {"unit": 3, "date": "2020-08-31T09:56:14Z", "category": 1, "guest": "DEANNA WEISENBURGER", "amount": "800.00", "note": "September CTIPdxLsGdTn"}}, {"model": "records.revenue", "pk": 43, "fields": {"unit": 3, "date": "2020-08-31T09:57:32Z", "category": 1, "guest": "MARIANNE PICKEL", "amount": "800.00", "note": "September 10210156546"}}, {"model": "records.revenue", "pk": 44, "fields": {"unit": 3, "date": "2020-08-31T09:58:30Z", "category": 1, "guest": "HILARY HOSCHEL", "amount": "720.00", "note": "September TDP0FMCIFVWS"}}, {"model": "records.revenue", "pk": 45, "fields": {"unit": 5, "date": "2020-09-02T09:59:31Z", "category": 1, "guest": "JORDYN NOWAKOWSKI", "amount": "1000.00", "note": "September 2EB0FMDIQZXV"}}, {"model": "records.revenue", "pk": 46, "fields": {"unit": 5, "date": "2020-09-03T10:00:13Z", "category": 1, "guest": "JORDYN NOWAKOWSKI", "amount": "1000.00", "note": "September 2EB0FMEJ19YJ"}}, {"model": "records.revenue", "pk": 47, "fields": {"unit": 5, "date": "2020-09-04T10:01:06Z", "category": 1, "guest": "MONROE, MICHAEL", "amount": "1228.00", "note": "September BAC97E930B17"}}, {"model": "records.revenue", "pk": 48, "fields": {"unit": 3, "date": "2020-08-03T10:12:13Z", "category": 1, "guest": "RIZZO, CATHERINE", "amount": "760.00", "note": "August BACfb8f4b7c6"}}, {"model": "records.revenue", "pk": 49, "fields": {"unit": 5, "date": "2020-09-04T13:18:13Z", "category": 1, "guest": "JORDYN NOWAKOWSKI", "amount": "1000.00", "note": "2EB0FMFJBVYA"}}, {"model": "records.revenue", "pk": 50, "fields": {"unit": 4, "date": "2020-09-04T13:20:54Z", "category": 2, "guest": "LOU ANNE MURPHY", "amount": "2000.00", "note": "10239301642"}}, {"model": "records.revenue", "pk": 51, "fields": {"unit": 4, "date": "2020-09-08T05:52:59Z", "category": 1, "guest": "LOU ANNE MURPHY", "amount": "2000.00", "note": "September 10245078346"}}, {"model": "records.revenue", "pk": 52, "fields": {"unit": 1, "date": "2020-09-03T15:06:06Z", "category": 1, "guest": "\u041c\u0430\u0435\u0432\u0430 \u041d\u0430\u0442\u0430\u043b\u044c\u044f", "amount": "21800.00", "note": ""}}, {"model": "records.revenue", "pk": 53, "fields": {"unit": 1, "date": "2020-09-09T05:28:46Z", "category": 1, "guest": "Sherstobitova Elena", "amount": "12998.00", "note": ""}}, {"model": "records.revenue", "pk": 54, "fields": {"unit": 5, "date": "2020-09-08T05:43:45Z", "category": 1, "guest": "JORDYN NOWAKOWSKI", "amount": "1000.00", "note": "2EB0FMGJQXNF"}}, {"model": "records.revenue", "pk": 55, "fields": {"unit": 4, "date": "2020-09-08T05:44:26Z", "category": 1, "guest": "LOU ANNE MURPHY", "amount": "250.00", "note": "September 10250199456 (50%)"}}, {"model": "records.revenue", "pk": 56, "fields": {"unit": 5, "date": "2020-09-09T05:46:15Z", "category": 1, "guest": "JORDYN NOWAKOWSKI", "amount": "1000.00", "note": "2EB0FMIK3XV2"}}, {"model": "records.revenue", "pk": 57, "fields": {"unit": 5, "date": "2020-09-09T05:46:57Z", "category": 1, "guest": "JORDYN NOWAKOWSKI", "amount": "1000.00", "note": "2EB0FMJK981E"}}, {"model": "records.revenue", "pk": 58, "fields": {"unit": 5, "date": "2020-09-09T05:47:46Z", "category": 1, "guest": "JORDYN NOWAKOWSKI", "amount": "1000.00", "note": "2EB0FMKKHIE3"}}, {"model": "records.revenue", "pk": 59, "fields": {"unit": 1, "date": "2020-09-13T16:57:47Z", "category": 1, "guest": "Milekhina Alexandra", "amount": "16000.00", "note": ""}}, {"model": "records.revenue", "pk": 60, "fields": {"unit": 5, "date": "2020-09-10T05:50:31Z", "category": 1, "guest": "JORDYN NOWAKOWSKI", "amount": "1000.00", "note": "2EB0FMLKQ080"}}, {"model": "records.revenue", "pk": 61, "fields": {"unit": 5, "date": "2020-09-11T05:51:14Z", "category": 1, "guest": "JORDYN NOWAKOWSKI", "amount": "1000.00", "note": "2EB0FMMKYM0U"}}, {"model": "records.revenue", "pk": 62, "fields": {"unit": 5, "date": "2020-09-14T05:51:53Z", "category": 1, "guest": "JORDYN NOWAKOWSKI", "amount": "1000.00", "note": "2EB0FMNLBCHG"}}, {"model": "records.revenue", "pk": 63, "fields": {"unit": 1, "date": "2020-09-18T11:52:23Z", "category": 1, "guest": "Ervin Mustafaev", "amount": "10880.00", "note": ""}}, {"model": "records.revenue", "pk": 64, "fields": {"unit": 1, "date": "2020-09-23T13:31:56Z", "category": 1, "guest": "\u043d\u0438\u043a\u0438\u0442\u0435\u043d\u043a\u043e \u0430\u043b\u0435\u043a\u0441\u0430\u043d\u0434\u0440\u0430", "amount": "19536.00", "note": ""}}, {"model": "records.revenue", "pk": 65, "fields": {"unit": 3, "date": "2020-09-22T05:59:41Z", "category": 1, "guest": "DEANNA WEISENBURGER", "amount": "800.00", "note": "October CTIe51g0vvbM"}}, {"model": "records.revenue", "pk": 66, "fields": {"unit": 3, "date": "2020-09-24T06:00:46Z", "category": 1, "guest": "RIZZO, CATHERINE", "amount": "760.00", "note": "October BAC6B24E292E"}}, {"model": "records.revenue", "pk": 67, "fields": {"unit": 3, "date": "2020-09-28T15:16:02Z", "category": 1, "guest": "TRACIE FOX-RONGO", "amount": "720.00", "note": "October COF9UU745SQN"}}, {"model": "records.revenue", "pk": 68, "fields": {"unit": 1, "date": "2020-09-29T15:52:29Z", "category": 1, "guest": "\u041e\u0433\u0430\u043d\u044f\u043d \u0412\u0430\u0440\u0434\u0430\u043d", "amount": "11496.81", "note": ""}}, {"model": "records.revenue", "pk": 69, "fields": {"unit": 3, "date": "2020-10-01T05:37:25Z", "category": 1, "guest": "MARIANNE PICKEL", "amount": "800.00", "note": "October 10381931118"}}, {"model": "records.revenue", "pk": 70, "fields": {"unit": 3, "date": "2020-10-01T05:38:19Z", "category": 1, "guest": "HILARY HOSCHEL", "amount": "720.00", "note": "October TDP0FN7PR37A"}}, {"model": "records.revenue", "pk": 71, "fields": {"unit": 4, "date": "2020-10-02T11:12:58Z", "category": 1, "guest": "LOU ANNE MURPHY", "amount": "1125.00", "note": "10391482807"}}, {"model": "records.revenue", "pk": 72, "fields": {"unit": 5, "date": "2020-10-05T20:16:16Z", "category": 1, "guest": "JORDYN NOWAKOWSKI", "amount": "1000.00", "note": "2EB0FN9QG3XR"}}, {"model": "records.revenue", "pk": 73, "fields": {"unit": 4, "date": "2020-10-05T20:17:02Z", "category": 1, "guest": "LOU ANNE MURPHY", "amount": "1125.00", "note": "October 10401577059"}}, {"model": "records.revenue", "pk": 74, "fields": {"unit": 5, "date": "2020-10-02T18:34:01Z", "category": 1, "guest": "MONROE, MICHAEL", "amount": "1300.00", "note": "October BAC7221cb555"}}, {"model": "records.revenue", "pk": 75, "fields": {"unit": 5, "date": "2020-10-01T18:35:46Z", "category": 1, "guest": "JORDYN NOWAKOWSKI", "amount": "1000.00", "note": "2EB0FN7PX3JZ"}}, {"model": "records.revenue", "pk": 77, "fields": {"unit": 1, "date": "2020-10-02T07:32:03Z", "category": 1, "guest": "\u041a\u043e\u043d\u043e\u0432\u0430\u043b\u043e\u0432, \u041c\u0438\u0445\u0430\u0438\u043b", "amount": "11587.68", "note": ""}}, {"model": "records.revenue", "pk": 78, "fields": {"unit": 1, "date": "2020-10-07T07:35:02Z", "category": 1, "guest": "\u041f\u0440\u043e\u0442\u043e\u0434\u0438\u0430\u043a\u043e\u043d\u043e\u0432\u0430, \u041d\u0430\u0434\u0435\u0436\u0434\u0430", "amount": "12420.00", "note": ""}}, {"model": "records.revenue", "pk": 79, "fields": {"unit": 5, "date": "2020-10-05T07:45:42Z", "category": 1, "guest": "Jordyn Nowakowski", "amount": "1000.00", "note": "2EB0FNAQTPUG"}}, {"model": "records.revenue", "pk": 80, "fields": {"unit": 5, "date": "2020-10-05T07:46:32Z", "category": 1, "guest": "Jordyn Nowakowski", "amount": "1000.00", "note": "2EB0FNBQW0EM"}}, {"model": "records.revenue", "pk": 81, "fields": {"unit": 5, "date": "2020-10-06T07:48:09Z", "category": 1, "guest": "Jordyn Nowakowski", "amount": "500.00", "note": "2EB0FNCR30JA"}}, {"model": "records.revenue", "pk": 82, "fields": {"unit": 4, "date": "2020-09-08T12:34:33Z", "category": 2, "guest": "Lou, Anne Murphy", "amount": "250.00", "note": "10250199456 (50%)"}}, {"model": "records.revenue", "pk": 83, "fields": {"unit": 3, "date": "2020-09-14T17:48:03Z", "category": 3, "guest": "insurance company", "amount": "4635.00", "note": "fallen tree, broken fence"}}, {"model": "records.revenue", "pk": 84, "fields": {"unit": 1, "date": "2020-10-14T09:18:25Z", "category": 1, "guest": "TBD", "amount": "9000.00", "note": ""}}, {"model": "auth.user", "pk": 1, "fields": {"password": "pbkdf2_sha256$150000$9Wv1pJRl0zvN$t8OKj0uPabp3T9hwm0GRUESss68txNDJo0SctONNG+8=", "last_login": "2020-10-15T06:06:18.901Z", "is_superuser": true, "username": "stas", "first_name": "", "last_name": "", "email": "stas@youmoscow.com", "is_staff": true, "is_active": true, "date_joined": "2020-07-01T16:52:02.220Z", "groups": [], "user_permissions": []}}, {"model": "auth.user", "pk": 2, "fields": {"password": "pbkdf2_sha256$150000$Bt33BlaHot4C$Dq9ewiR8up0lSAQStyOZg1yDbC5y2pTVTkzOuAkpMOY=", "last_login": "2020-10-08T12:18:57.462Z", "is_superuser": true, "username": "katya", "first_name": "Katya", "last_name": "Polonsky", "email": "spolonsky@icloud.com", "is_staff": true, "is_active": true, "date_joined": "2020-07-01T16:57:43Z", "groups": [], "user_permissions": []}}, {"model": "auth.user", "pk": 3, "fields": {"password": "pbkdf2_sha256$150000$JEkvie2sgeZG$zm5MgbbfHPKWZwvquHFqU/x7fHkc7LzqoBt4rOYpy94=", "last_login": "2020-10-14T08:35:43.132Z", "is_superuser": false, "username": "Margarita", "first_name": "Margarita", "last_name": "Polonsky", "email": "mapolonsky@yahoo.com", "is_staff": false, "is_active": true, "date_joined": "2020-10-13T13:03:18Z", "groups": [], "user_permissions": []}}, {"model": "sessions.session", "pk": "3pfmd3d4d6eof650qx6jal9ye1w7h8t8", "fields": {"session_data": "OTcxYzRlMzFjNjUwMzI0MDk0ODNmNzcwNjgwOGMzYzQyYzQ5Y2M2Mzp7Il9hdXRoX3VzZXJfaWQiOiIxIiwiX2F1dGhfdXNlcl9iYWNrZW5kIjoiZGphbmdvLmNvbnRyaWIuYXV0aC5iYWNrZW5kcy5Nb2RlbEJhY2tlbmQiLCJfYXV0aF91c2VyX2hhc2giOiIwZDZhNTRhZmM1YTEzYTU2ZWM5NGM4YWFmZWUxZGZmNDE3MWY4ZDY2In0=", "expire_date": "2020-10-19T05:12:48.923Z"}}, {"model": "sessions.session", "pk": "670qkowwvc7ll7rpozm3olntycugzubn", "fields": {"session_data": "YjhhOGZmYmZiMDdhM2M3ZmMyMjZiMDllMDkwZDk1NGZlYWZiMmU4MTp7Il9hdXRoX3VzZXJfaWQiOiIyIiwiX2F1dGhfdXNlcl9iYWNrZW5kIjoiZGphbmdvLmNvbnRyaWIuYXV0aC5iYWNrZW5kcy5Nb2RlbEJhY2tlbmQiLCJfYXV0aF91c2VyX2hhc2giOiJjZjA3ZDhlNTc1NWFjZWJkZmZkODU1ODY5NzY1OWRhZDM5NmIxNTA4In0=", "expire_date": "2020-07-18T14:37:39.795Z"}}, {"model": "sessions.session", "pk": "de9ueimo1j3zgddo79dmolp4zr7bovpu", "fields": {"session_data": "OTcxYzRlMzFjNjUwMzI0MDk0ODNmNzcwNjgwOGMzYzQyYzQ5Y2M2Mzp7Il9hdXRoX3VzZXJfaWQiOiIxIiwiX2F1dGhfdXNlcl9iYWNrZW5kIjoiZGphbmdvLmNvbnRyaWIuYXV0aC5iYWNrZW5kcy5Nb2RlbEJhY2tlbmQiLCJfYXV0aF91c2VyX2hhc2giOiIwZDZhNTRhZmM1YTEzYTU2ZWM5NGM4YWFmZWUxZGZmNDE3MWY4ZDY2In0=", "expire_date": "2020-07-22T09:59:07.113Z"}}, {"model": "sessions.session", "pk": "lb8tuu5jg3ye85668ptpg2hsvtzvn1mv", "fields": {"session_data": "YjhhOGZmYmZiMDdhM2M3ZmMyMjZiMDllMDkwZDk1NGZlYWZiMmU4MTp7Il9hdXRoX3VzZXJfaWQiOiIyIiwiX2F1dGhfdXNlcl9iYWNrZW5kIjoiZGphbmdvLmNvbnRyaWIuYXV0aC5iYWNrZW5kcy5Nb2RlbEJhY2tlbmQiLCJfYXV0aF91c2VyX2hhc2giOiJjZjA3ZDhlNTc1NWFjZWJkZmZkODU1ODY5NzY1OWRhZDM5NmIxNTA4In0=", "expire_date": "2020-07-18T13:36:21.634Z"}}, {"model": "admin.logentry", "pk": 1, "fields": {"action_time": "2020-07-01T16:57:43.581Z", "user": 1, "content_type": 13, "object_id": "2", "object_repr": "katya", "action_flag": 1, "change_message": "[{\"added\": {}}]"}}, {"model": "admin.logentry", "pk": 2, "fields": {"action_time": "2020-07-01T16:58:35.261Z", "user": 1, "content_type": 13, "object_id": "2", "object_repr": "katya", "action_flag": 2, "change_message": "[{\"changed\": {\"fields\": [\"first_name\", \"last_name\", \"email\", \"is_staff\"]}}]"}}, {"model": "admin.logentry", "pk": 3, "fields": {"action_time": "2020-07-01T16:59:56.478Z", "user": 1, "content_type": 13, "object_id": "2", "object_repr": "katya", "action_flag": 2, "change_message": "[{\"changed\": {\"fields\": [\"is_superuser\"]}}]"}}, {"model": "admin.logentry", "pk": 4, "fields": {"action_time": "2020-07-01T17:01:18.472Z", "user": 2, "content_type": 2, "object_id": "1", "object_repr": "katya", "action_flag": 1, "change_message": "[{\"added\": {}}]"}}, {"model": "admin.logentry", "pk": 5, "fields": {"action_time": "2020-07-01T17:02:17.532Z", "user": 2, "content_type": 3, "object_id": "1", "object_repr": "katya", "action_flag": 1, "change_message": "[{\"added\": {}}]"}}, {"model": "admin.logentry", "pk": 6, "fields": {"action_time": "2020-07-01T17:04:51.802Z", "user": 2, "content_type": 1, "object_id": "1", "object_repr": "\u041e\u0432\u0447\u0438\u043d\u0430", "action_flag": 1, "change_message": "[{\"added\": {}}]"}}, {"model": "admin.logentry", "pk": 7, "fields": {"action_time": "2020-07-01T17:05:59.195Z", "user": 2, "content_type": 7, "object_id": "1", "object_repr": "Service:Booking", "action_flag": 1, "change_message": "[{\"added\": {}}]"}}, {"model": "admin.logentry", "pk": 8, "fields": {"action_time": "2020-07-01T17:06:13.514Z", "user": 2, "content_type": 7, "object_id": "2", "object_repr": "Service:Reception", "action_flag": 1, "change_message": "[{\"added\": {}}]"}}, {"model": "admin.logentry", "pk": 9, "fields": {"action_time": "2020-07-01T17:06:24.498Z", "user": 2, "content_type": 7, "object_id": "3", "object_repr": "Service:Cleaning", "action_flag": 1, "change_message": "[{\"added\": {}}]"}}, {"model": "admin.logentry", "pk": 10, "fields": {"action_time": "2020-07-01T17:06:49.545Z", "user": 2, "content_type": 9, "object_id": "1", "object_repr": "Rent", "action_flag": 1, "change_message": "[{\"added\": {}}]"}}, {"model": "admin.logentry", "pk": 11, "fields": {"action_time": "2020-07-01T17:08:53.309Z", "user": 2, "content_type": 6, "object_id": "1", "object_repr": "\u041e\u0432\u0447\u0438\u043d\u0430 Service:Booking", "action_flag": 1, "change_message": "[{\"added\": {}}]"}}, {"model": "admin.logentry", "pk": 12, "fields": {"action_time": "2020-07-01T17:09:50.641Z", "user": 2, "content_type": 6, "object_id": "2", "object_repr": "\u041e\u0432\u0447\u0438\u043d\u0430 Service:Reception", "action_flag": 1, "change_message": "[{\"added\": {}}]"}}, {"model": "admin.logentry", "pk": 13, "fields": {"action_time": "2020-07-01T19:04:26.466Z", "user": 2, "content_type": 2, "object_id": "2", "object_repr": "stas", "action_flag": 1, "change_message": "[{\"added\": {}}]"}}, {"model": "admin.logentry", "pk": 14, "fields": {"action_time": "2020-07-01T19:07:07.116Z", "user": 2, "content_type": 1, "object_id": "2", "object_repr": "\u0421\u0438\u043c\u0432\u043e\u043b", "action_flag": 1, "change_message": "[{\"added\": {}}]"}}, {"model": "admin.logentry", "pk": 15, "fields": {"action_time": "2020-07-01T19:08:47.858Z", "user": 2, "content_type": 8, "object_id": "1", "object_repr": "\u041e\u0432\u0447\u0438\u043d\u0430 Rent", "action_flag": 1, "change_message": "[{\"added\": {}}]"}}, {"model": "admin.logentry", "pk": 16, "fields": {"action_time": "2020-07-01T19:10:13.108Z", "user": 2, "content_type": 6, "object_id": "3", "object_repr": "\u0421\u0438\u043c\u0432\u043e\u043b Service:Booking", "action_flag": 1, "change_message": "[{\"added\": {}}]"}}, {"model": "admin.logentry", "pk": 17, "fields": {"action_time": "2020-07-01T19:11:10.685Z", "user": 2, "content_type": 7, "object_id": "4", "object_repr": "Service:Repair", "action_flag": 1, "change_message": "[{\"added\": {}}]"}}, {"model": "admin.logentry", "pk": 18, "fields": {"action_time": "2020-07-01T19:11:26.782Z", "user": 2, "content_type": 6, "object_id": "3", "object_repr": "\u0421\u0438\u043c\u0432\u043e\u043b Service:Repair", "action_flag": 2, "change_message": "[{\"changed\": {\"fields\": [\"category\"]}}]"}}, {"model": "admin.logentry", "pk": 19, "fields": {"action_time": "2020-07-01T19:12:31.892Z", "user": 2, "content_type": 6, "object_id": "4", "object_repr": "\u0421\u0438\u043c\u0432\u043e\u043b Service:Repair", "action_flag": 1, "change_message": "[{\"added\": {}}]"}}, {"model": "admin.logentry", "pk": 20, "fields": {"action_time": "2020-07-01T19:16:11.766Z", "user": 2, "content_type": 1, "object_id": "3", "object_repr": "339 Old Town", "action_flag": 1, "change_message": "[{\"added\": {}}]"}}, {"model": "admin.logentry", "pk": 21, "fields": {"action_time": "2020-07-01T19:17:22.124Z", "user": 2, "content_type": 6, "object_id": "5", "object_repr": "339 Old Town Service:Repair", "action_flag": 1, "change_message": "[{\"added\": {}}]"}}, {"model": "admin.logentry", "pk": 22, "fields": {"action_time": "2020-07-01T19:19:08.819Z", "user": 2, "content_type": 8, "object_id": "2", "object_repr": "\u041e\u0432\u0447\u0438\u043d\u0430 Rent", "action_flag": 1, "change_message": "[{\"added\": {}}]"}}, {"model": "admin.logentry", "pk": 23, "fields": {"action_time": "2020-07-01T19:20:02.978Z", "user": 2, "content_type": 6, "object_id": "6", "object_repr": "\u041e\u0432\u0447\u0438\u043d\u0430 Service:Reception", "action_flag": 1, "change_message": "[{\"added\": {}}]"}}, {"model": "admin.logentry", "pk": 24, "fields": {"action_time": "2020-07-01T19:20:28.993Z", "user": 2, "content_type": 6, "object_id": "7", "object_repr": "\u041e\u0432\u0447\u0438\u043d\u0430 Service:Cleaning", "action_flag": 1, "change_message": "[{\"added\": {}}]"}}, {"model": "admin.logentry", "pk": 25, "fields": {"action_time": "2020-07-02T13:30:37.552Z", "user": 1, "content_type": 1, "object_id": "3", "object_repr": "339 Old Town", "action_flag": 2, "change_message": "[{\"changed\": {\"fields\": [\"is_published\"]}}]"}}, {"model": "admin.logentry", "pk": 26, "fields": {"action_time": "2020-07-03T12:09:39.411Z", "user": 1, "content_type": 6, "object_id": "8", "object_repr": "\u0421\u0438\u043c\u0432\u043e\u043b Service:Repair", "action_flag": 1, "change_message": "[{\"added\": {}}]"}}, {"model": "admin.logentry", "pk": 27, "fields": {"action_time": "2020-07-04T05:39:13.175Z", "user": 2, "content_type": 1, "object_id": "1", "object_repr": "\u041e\u0432\u0447\u0438\u043d\u0430", "action_flag": 2, "change_message": "[{\"changed\": {\"fields\": [\"sqft\", \"list_date\"]}}]"}}, {"model": "admin.logentry", "pk": 28, "fields": {"action_time": "2020-07-04T05:41:21.883Z", "user": 2, "content_type": 1, "object_id": "3", "object_repr": "339 Old Town", "action_flag": 2, "change_message": "[{\"changed\": {\"fields\": [\"list_date\"]}}]"}}, {"model": "admin.logentry", "pk": 29, "fields": {"action_time": "2020-07-04T12:50:45.071Z", "user": 2, "content_type": 6, "object_id": "9", "object_repr": "\u041e\u0432\u0447\u0438\u043d\u0430 Service:Cleaning", "action_flag": 1, "change_message": "[{\"added\": {}}]"}}, {"model": "admin.logentry", "pk": 30, "fields": {"action_time": "2020-07-04T12:54:20.155Z", "user": 2, "content_type": 8, "object_id": "3", "object_repr": "\u041e\u0432\u0447\u0438\u043d\u0430 Rent", "action_flag": 1, "change_message": "[{\"added\": {}}]"}}, {"model": "admin.logentry", "pk": 31, "fields": {"action_time": "2020-07-04T13:01:07.660Z", "user": 2, "content_type": 8, "object_id": "3", "object_repr": "\u041e\u0432\u0447\u0438\u043d\u0430 Rent", "action_flag": 2, "change_message": "[{\"changed\": {\"fields\": [\"amount\"]}}]"}}, {"model": "admin.logentry", "pk": 32, "fields": {"action_time": "2020-07-04T13:02:14.928Z", "user": 2, "content_type": 8, "object_id": "3", "object_repr": "\u041e\u0432\u0447\u0438\u043d\u0430 Rent", "action_flag": 2, "change_message": "[{\"changed\": {\"fields\": [\"note\"]}}]"}}, {"model": "admin.logentry", "pk": 33, "fields": {"action_time": "2020-07-10T04:47:40.046Z", "user": 1, "content_type": 6, "object_id": "10", "object_repr": "\u041e\u0432\u0447\u0438\u043d\u0430 Service:Cleaning", "action_flag": 1, "change_message": "[{\"added\": {}}]"}}, {"model": "admin.logentry", "pk": 34, "fields": {"action_time": "2020-07-11T08:22:58.166Z", "user": 1, "content_type": 6, "object_id": "11", "object_repr": "339 Old Town Service:Repair", "action_flag": 1, "change_message": "[{\"added\": {}}]"}}, {"model": "admin.logentry", "pk": 35, "fields": {"action_time": "2020-07-12T04:30:55.884Z", "user": 1, "content_type": 8, "object_id": "4", "object_repr": "\u041e\u0432\u0447\u0438\u043d\u0430 Rent", "action_flag": 1, "change_message": "[{\"added\": {}}]"}}, {"model": "admin.logentry", "pk": 36, "fields": {"action_time": "2020-07-12T04:31:29.422Z", "user": 1, "content_type": 6, "object_id": "12", "object_repr": "\u041e\u0432\u0447\u0438\u043d\u0430 Service:Reception", "action_flag": 1, "change_message": "[{\"added\": {}}]"}}, {"model": "admin.logentry", "pk": 37, "fields": {"action_time": "2020-07-12T05:51:20.525Z", "user": 1, "content_type": 9, "object_id": "2", "object_repr": "Security Deposit", "action_flag": 1, "change_message": "[{\"added\": {}}]"}}, {"model": "admin.logentry", "pk": 38, "fields": {"action_time": "2020-07-12T05:52:28.744Z", "user": 1, "content_type": 8, "object_id": "5", "object_repr": "339 Old Town Security Deposit", "action_flag": 1, "change_message": "[{\"added\": {}}]"}}, {"model": "admin.logentry", "pk": 39, "fields": {"action_time": "2020-07-12T05:53:23.719Z", "user": 1, "content_type": 8, "object_id": "6", "object_repr": "339 Old Town Security Deposit", "action_flag": 1, "change_message": "[{\"added\": {}}]"}}, {"model": "admin.logentry", "pk": 40, "fields": {"action_time": "2020-07-12T05:54:14.384Z", "user": 1, "content_type": 8, "object_id": "7", "object_repr": "339 Old Town Security Deposit", "action_flag": 1, "change_message": "[{\"added\": {}}]"}}, {"model": "admin.logentry", "pk": 41, "fields": {"action_time": "2020-07-12T05:54:58.843Z", "user": 1, "content_type": 8, "object_id": "8", "object_repr": "339 Old Town Security Deposit", "action_flag": 1, "change_message": "[{\"added\": {}}]"}}, {"model": "admin.logentry", "pk": 42, "fields": {"action_time": "2020-07-12T05:57:03.637Z", "user": 1, "content_type": 6, "object_id": "13", "object_repr": "339 Old Town Service:Cleaning", "action_flag": 1, "change_message": "[{\"added\": {}}]"}}, {"model": "admin.logentry", "pk": 43, "fields": {"action_time": "2020-07-12T16:35:54.682Z", "user": 1, "content_type": 1, "object_id": "4", "object_repr": "406 Drew Lane, Carmel", "action_flag": 1, "change_message": "[{\"added\": {}}]"}}, {"model": "admin.logentry", "pk": 44, "fields": {"action_time": "2020-07-12T16:36:09.252Z", "user": 1, "content_type": 1, "object_id": "4", "object_repr": "406 Drew Lane", "action_flag": 2, "change_message": "[{\"changed\": {\"fields\": [\"title\"]}}]"}}, {"model": "admin.logentry", "pk": 45, "fields": {"action_time": "2020-07-12T16:42:12.786Z", "user": 1, "content_type": 8, "object_id": "9", "object_repr": "406 Drew Lane Rent", "action_flag": 1, "change_message": "[{\"added\": {}}]"}}, {"model": "admin.logentry", "pk": 46, "fields": {"action_time": "2020-07-12T16:44:52.748Z", "user": 1, "content_type": 7, "object_id": "5", "object_repr": "Service:HOA", "action_flag": 1, "change_message": "[{\"added\": {}}]"}}, {"model": "admin.logentry", "pk": 47, "fields": {"action_time": "2020-07-12T16:46:35.640Z", "user": 1, "content_type": 6, "object_id": "14", "object_repr": "406 Drew Lane Service:HOA", "action_flag": 1, "change_message": "[{\"added\": {}}]"}}, {"model": "admin.logentry", "pk": 48, "fields": {"action_time": "2020-07-12T16:47:55.293Z", "user": 1, "content_type": 8, "object_id": "10", "object_repr": "\u041e\u0432\u0447\u0438\u043d\u0430 Rent", "action_flag": 1, "change_message": "[{\"added\": {}}]"}}, {"model": "admin.logentry", "pk": 49, "fields": {"action_time": "2020-07-13T12:53:09.726Z", "user": 1, "content_type": 7, "object_id": "6", "object_repr": "Utilities:Internet", "action_flag": 1, "change_message": "[{\"added\": {}}]"}}, {"model": "admin.logentry", "pk": 50, "fields": {"action_time": "2020-07-13T12:53:47.263Z", "user": 1, "content_type": 6, "object_id": "15", "object_repr": "\u041e\u0432\u0447\u0438\u043d\u0430 Utilities:Internet", "action_flag": 1, "change_message": "[{\"added\": {}}]"}}, {"model": "admin.logentry", "pk": 51, "fields": {"action_time": "2020-07-16T16:49:31.436Z", "user": 1, "content_type": 6, "object_id": "16", "object_repr": "\u041e\u0432\u0447\u0438\u043d\u0430 Service:Cleaning", "action_flag": 1, "change_message": "[{\"added\": {}}]"}}, {"model": "admin.logentry", "pk": 52, "fields": {"action_time": "2020-07-16T16:52:17.387Z", "user": 1, "content_type": 8, "object_id": "11", "object_repr": "339 Old Town Security Deposit", "action_flag": 1, "change_message": "[{\"added\": {}}]"}}, {"model": "admin.logentry", "pk": 53, "fields": {"action_time": "2020-07-18T08:40:17.507Z", "user": 1, "content_type": 6, "object_id": "17", "object_repr": "\u041e\u0432\u0447\u0438\u043d\u0430 Service:Reception", "action_flag": 1, "change_message": "[{\"added\": {}}]"}}, {"model": "admin.logentry", "pk": 54, "fields": {"action_time": "2020-07-18T08:41:37.293Z", "user": 1, "content_type": 8, "object_id": "12", "object_repr": "\u041e\u0432\u0447\u0438\u043d\u0430 Rent", "action_flag": 1, "change_message": "[{\"added\": {}}]"}}, {"model": "admin.logentry", "pk": 55, "fields": {"action_time": "2020-07-18T08:41:56.842Z", "user": 1, "content_type": 8, "object_id": "12", "object_repr": "\u041e\u0432\u0447\u0438\u043d\u0430 Rent", "action_flag": 2, "change_message": "[{\"changed\": {\"fields\": [\"guest\"]}}]"}}, {"model": "admin.logentry", "pk": 56, "fields": {"action_time": "2020-07-21T06:57:22.240Z", "user": 1, "content_type": 7, "object_id": "7", "object_repr": "Utilities:Electric", "action_flag": 1, "change_message": "[{\"added\": {}}]"}}, {"model": "admin.logentry", "pk": 57, "fields": {"action_time": "2020-07-21T06:57:49.784Z", "user": 1, "content_type": 6, "object_id": "18", "object_repr": "\u041e\u0432\u0447\u0438\u043d\u0430 Utilities:Electric", "action_flag": 1, "change_message": "[{\"added\": {}}]"}}, {"model": "admin.logentry", "pk": 58, "fields": {"action_time": "2020-07-26T06:38:05.375Z", "user": 1, "content_type": 8, "object_id": "13", "object_repr": "\u041e\u0432\u0447\u0438\u043d\u0430 Rent", "action_flag": 1, "change_message": "[{\"added\": {}}]"}}, {"model": "admin.logentry", "pk": 59, "fields": {"action_time": "2020-07-26T06:40:31.477Z", "user": 1, "content_type": 8, "object_id": "13", "object_repr": "\u041e\u0432\u0447\u0438\u043d\u0430 Rent", "action_flag": 2, "change_message": "[{\"changed\": {\"fields\": [\"amount\"]}}]"}}, {"model": "admin.logentry", "pk": 60, "fields": {"action_time": "2020-07-26T06:42:36.993Z", "user": 1, "content_type": 6, "object_id": "19", "object_repr": "\u041e\u0432\u0447\u0438\u043d\u0430 Service:Reception", "action_flag": 1, "change_message": "[{\"added\": {}}]"}}, {"model": "admin.logentry", "pk": 61, "fields": {"action_time": "2020-07-27T05:12:22.258Z", "user": 1, "content_type": 6, "object_id": "20", "object_repr": "\u041e\u0432\u0447\u0438\u043d\u0430 Service:Cleaning", "action_flag": 1, "change_message": "[{\"added\": {}}]"}}, {"model": "admin.logentry", "pk": 62, "fields": {"action_time": "2020-07-27T11:27:59.261Z", "user": 1, "content_type": 1, "object_id": "5", "object_repr": "45 Arrowhead", "action_flag": 1, "change_message": "[{\"added\": {}}]"}}, {"model": "admin.logentry", "pk": 63, "fields": {"action_time": "2020-07-27T11:28:53.069Z", "user": 1, "content_type": 8, "object_id": "14", "object_repr": "45 Arrowhead Security Deposit", "action_flag": 1, "change_message": "[{\"added\": {}}]"}}, {"model": "admin.logentry", "pk": 64, "fields": {"action_time": "2020-07-27T11:30:11.525Z", "user": 1, "content_type": 1, "object_id": "5", "object_repr": "45 Arrowhead", "action_flag": 2, "change_message": "[{\"changed\": {\"fields\": [\"list_date\"]}}]"}}, {"model": "admin.logentry", "pk": 65, "fields": {"action_time": "2020-07-27T11:30:16.498Z", "user": 1, "content_type": 1, "object_id": "5", "object_repr": "45 Arrowhead", "action_flag": 2, "change_message": "[{\"changed\": {\"fields\": [\"is_published\"]}}]"}}, {"model": "admin.logentry", "pk": 66, "fields": {"action_time": "2020-07-28T16:08:21.795Z", "user": 1, "content_type": 8, "object_id": "15", "object_repr": "45 Arrowhead Security Deposit", "action_flag": 1, "change_message": "[{\"added\": {}}]"}}, {"model": "admin.logentry", "pk": 67, "fields": {"action_time": "2020-07-28T16:09:27.041Z", "user": 1, "content_type": 8, "object_id": "16", "object_repr": "339 Old Town Rent", "action_flag": 1, "change_message": "[{\"added\": {}}]"}}, {"model": "admin.logentry", "pk": 68, "fields": {"action_time": "2020-07-28T16:20:19.102Z", "user": 1, "content_type": 8, "object_id": "16", "object_repr": "339 Old Town Rent", "action_flag": 2, "change_message": "[{\"changed\": {\"fields\": [\"note\"]}}]"}}, {"model": "admin.logentry", "pk": 69, "fields": {"action_time": "2020-07-28T16:20:48.501Z", "user": 1, "content_type": 8, "object_id": "15", "object_repr": "45 Arrowhead Security Deposit", "action_flag": 2, "change_message": "[{\"changed\": {\"fields\": [\"note\"]}}]"}}, {"model": "admin.logentry", "pk": 70, "fields": {"action_time": "2020-07-28T16:21:05.614Z", "user": 1, "content_type": 8, "object_id": "14", "object_repr": "45 Arrowhead Security Deposit", "action_flag": 2, "change_message": "[{\"changed\": {\"fields\": [\"note\"]}}]"}}, {"model": "admin.logentry", "pk": 71, "fields": {"action_time": "2020-07-29T13:28:22.780Z", "user": 1, "content_type": 8, "object_id": "17", "object_repr": "45 Arrowhead Security Deposit", "action_flag": 1, "change_message": "[{\"added\": {}}]"}}, {"model": "admin.logentry", "pk": 72, "fields": {"action_time": "2020-07-29T13:29:30.437Z", "user": 1, "content_type": 8, "object_id": "18", "object_repr": "339 Old Town Rent", "action_flag": 1, "change_message": "[{\"added\": {}}]"}}, {"model": "admin.logentry", "pk": 73, "fields": {"action_time": "2020-07-29T15:57:03.022Z", "user": 1, "content_type": 6, "object_id": "21", "object_repr": "\u041e\u0432\u0447\u0438\u043d\u0430 Service:Repair", "action_flag": 1, "change_message": "[{\"added\": {}}]"}}, {"model": "admin.logentry", "pk": 74, "fields": {"action_time": "2020-07-29T15:57:27.601Z", "user": 1, "content_type": 6, "object_id": "22", "object_repr": "\u041e\u0432\u0447\u0438\u043d\u0430 Service:Cleaning", "action_flag": 1, "change_message": "[{\"added\": {}}]"}}, {"model": "admin.logentry", "pk": 75, "fields": {"action_time": "2020-07-30T05:20:54.307Z", "user": 1, "content_type": 8, "object_id": "19", "object_repr": "45 Arrowhead Security Deposit", "action_flag": 1, "change_message": "[{\"added\": {}}]"}}, {"model": "admin.logentry", "pk": 76, "fields": {"action_time": "2020-07-31T06:31:16.978Z", "user": 1, "content_type": 6, "object_id": "23", "object_repr": "\u041e\u0432\u0447\u0438\u043d\u0430 Service:Reception", "action_flag": 1, "change_message": "[{\"added\": {}}]"}}, {"model": "admin.logentry", "pk": 77, "fields": {"action_time": "2020-07-31T06:32:03.549Z", "user": 1, "content_type": 8, "object_id": "20", "object_repr": "\u041e\u0432\u0447\u0438\u043d\u0430 Rent", "action_flag": 1, "change_message": "[{\"added\": {}}]"}}, {"model": "admin.logentry", "pk": 78, "fields": {"action_time": "2020-07-31T07:36:48.411Z", "user": 1, "content_type": 6, "object_id": "24", "object_repr": "\u041e\u0432\u0447\u0438\u043d\u0430 Service:Booking", "action_flag": 1, "change_message": "[{\"added\": {}}]"}}, {"model": "admin.logentry", "pk": 79, "fields": {"action_time": "2020-07-31T13:31:20.640Z", "user": 1, "content_type": 6, "object_id": "25", "object_repr": "339 Old Town Service:Repair", "action_flag": 1, "change_message": "[{\"added\": {}}]"}}, {"model": "admin.logentry", "pk": 80, "fields": {"action_time": "2020-07-31T13:32:00.438Z", "user": 1, "content_type": 6, "object_id": "26", "object_repr": "339 Old Town Service:Cleaning", "action_flag": 1, "change_message": "[{\"added\": {}}]"}}, {"model": "admin.logentry", "pk": 81, "fields": {"action_time": "2020-08-01T20:04:29.473Z", "user": 1, "content_type": 7, "object_id": "8", "object_repr": "Utilities:Oil", "action_flag": 1, "change_message": "[{\"added\": {}}]"}}, {"model": "admin.logentry", "pk": 82, "fields": {"action_time": "2020-08-01T20:05:24.491Z", "user": 1, "content_type": 6, "object_id": "27", "object_repr": "45 Arrowhead Utilities:Oil", "action_flag": 1, "change_message": "[{\"added\": {}}]"}}, {"model": "admin.logentry", "pk": 83, "fields": {"action_time": "2020-08-03T15:05:21.488Z", "user": 1, "content_type": 8, "object_id": "21", "object_repr": "339 Old Town Rent", "action_flag": 1, "change_message": "[{\"added\": {}}]"}}, {"model": "admin.logentry", "pk": 84, "fields": {"action_time": "2020-08-03T15:06:43.960Z", "user": 1, "content_type": 8, "object_id": "22", "object_repr": "339 Old Town Rent", "action_flag": 1, "change_message": "[{\"added\": {}}]"}}, {"model": "admin.logentry", "pk": 85, "fields": {"action_time": "2020-08-03T15:06:57.210Z", "user": 1, "content_type": 8, "object_id": "18", "object_repr": "339 Old Town Rent", "action_flag": 2, "change_message": "[{\"changed\": {\"fields\": [\"note\"]}}]"}}, {"model": "admin.logentry", "pk": 86, "fields": {"action_time": "2020-08-03T15:07:09.926Z", "user": 1, "content_type": 8, "object_id": "16", "object_repr": "339 Old Town Rent", "action_flag": 2, "change_message": "[{\"changed\": {\"fields\": [\"note\"]}}]"}}, {"model": "admin.logentry", "pk": 87, "fields": {"action_time": "2020-08-03T15:09:49.259Z", "user": 1, "content_type": 8, "object_id": "23", "object_repr": "45 Arrowhead Rent", "action_flag": 1, "change_message": "[{\"added\": {}}]"}}, {"model": "admin.logentry", "pk": 88, "fields": {"action_time": "2020-08-03T15:10:53.723Z", "user": 1, "content_type": 8, "object_id": "24", "object_repr": "45 Arrowhead Rent", "action_flag": 1, "change_message": "[{\"added\": {}}]"}}, {"model": "admin.logentry", "pk": 89, "fields": {"action_time": "2020-08-03T15:14:08.789Z", "user": 1, "content_type": 6, "object_id": "27", "object_repr": "45 Arrowhead Utilities:Oil", "action_flag": 2, "change_message": "[{\"changed\": {\"fields\": [\"vendor\", \"amount\", \"note\"]}}]"}}, {"model": "admin.logentry", "pk": 90, "fields": {"action_time": "2020-08-03T15:16:23.050Z", "user": 1, "content_type": 6, "object_id": "28", "object_repr": "45 Arrowhead Service:Repair", "action_flag": 1, "change_message": "[{\"added\": {}}]"}}, {"model": "admin.logentry", "pk": 91, "fields": {"action_time": "2020-08-03T15:16:37.194Z", "user": 1, "content_type": 6, "object_id": "27", "object_repr": "45 Arrowhead Utilities:Oil", "action_flag": 2, "change_message": "[{\"changed\": {\"fields\": [\"date\"]}}]"}}, {"model": "admin.logentry", "pk": 92, "fields": {"action_time": "2020-08-03T15:17:26.276Z", "user": 1, "content_type": 6, "object_id": "29", "object_repr": "45 Arrowhead Service:Cleaning", "action_flag": 1, "change_message": "[{\"added\": {}}]"}}, {"model": "admin.logentry", "pk": 93, "fields": {"action_time": "2020-08-03T15:18:25.743Z", "user": 1, "content_type": 6, "object_id": "30", "object_repr": "45 Arrowhead Service:Repair", "action_flag": 1, "change_message": "[{\"added\": {}}]"}}, {"model": "admin.logentry", "pk": 94, "fields": {"action_time": "2020-08-03T15:19:18.923Z", "user": 1, "content_type": 6, "object_id": "31", "object_repr": "45 Arrowhead Service:Repair", "action_flag": 1, "change_message": "[{\"added\": {}}]"}}, {"model": "admin.logentry", "pk": 95, "fields": {"action_time": "2020-08-03T15:20:09.417Z", "user": 1, "content_type": 6, "object_id": "32", "object_repr": "45 Arrowhead Service:Repair", "action_flag": 1, "change_message": "[{\"added\": {}}]"}}, {"model": "admin.logentry", "pk": 96, "fields": {"action_time": "2020-08-03T15:23:00.688Z", "user": 1, "content_type": 7, "object_id": "9", "object_repr": "Service:Maintenance", "action_flag": 1, "change_message": "[{\"added\": {}}]"}}, {"model": "admin.logentry", "pk": 97, "fields": {"action_time": "2020-08-03T15:23:41.628Z", "user": 1, "content_type": 6, "object_id": "33", "object_repr": "45 Arrowhead Service:Maintenance", "action_flag": 1, "change_message": "[{\"added\": {}}]"}}, {"model": "admin.logentry", "pk": 98, "fields": {"action_time": "2020-08-03T15:24:36.342Z", "user": 1, "content_type": 8, "object_id": "24", "object_repr": "45 Arrowhead Rent", "action_flag": 3, "change_message": ""}}, {"model": "admin.logentry", "pk": 99, "fields": {"action_time": "2020-08-03T15:25:59.099Z", "user": 1, "content_type": 8, "object_id": "23", "object_repr": "45 Arrowhead Rent", "action_flag": 2, "change_message": "[{\"changed\": {\"fields\": [\"amount\", \"note\"]}}]"}}, {"model": "admin.logentry", "pk": 100, "fields": {"action_time": "2020-08-03T15:29:06.136Z", "user": 1, "content_type": 8, "object_id": "25", "object_repr": "45 Arrowhead Rent", "action_flag": 1, "change_message": "[{\"added\": {}}]"}}, {"model": "admin.logentry", "pk": 101, "fields": {"action_time": "2020-08-03T15:31:37.761Z", "user": 1, "content_type": 8, "object_id": "9", "object_repr": "406 Drew Lane Rent", "action_flag": 2, "change_message": "[{\"changed\": {\"fields\": [\"note\"]}}]"}}, {"model": "admin.logentry", "pk": 102, "fields": {"action_time": "2020-08-03T15:31:50.289Z", "user": 1, "content_type": 8, "object_id": "9", "object_repr": "406 Drew Lane Rent", "action_flag": 2, "change_message": "[{\"changed\": {\"fields\": [\"note\"]}}]"}}, {"model": "admin.logentry", "pk": 103, "fields": {"action_time": "2020-08-03T15:32:22.325Z", "user": 1, "content_type": 8, "object_id": "26", "object_repr": "406 Drew Lane Rent", "action_flag": 1, "change_message": "[{\"added\": {}}]"}}, {"model": "admin.logentry", "pk": 104, "fields": {"action_time": "2020-08-03T15:38:01.942Z", "user": 1, "content_type": 6, "object_id": "5", "object_repr": "339 Old Town Service:Repair", "action_flag": 2, "change_message": "[{\"changed\": {\"fields\": [\"amount\"]}}]"}}, {"model": "admin.logentry", "pk": 105, "fields": {"action_time": "2020-08-03T15:46:36.396Z", "user": 1, "content_type": 6, "object_id": "5", "object_repr": "339 Old Town Service:Repair", "action_flag": 2, "change_message": "[{\"changed\": {\"fields\": [\"vendor\"]}}]"}}, {"model": "admin.logentry", "pk": 106, "fields": {"action_time": "2020-08-03T15:47:58.517Z", "user": 1, "content_type": 6, "object_id": "13", "object_repr": "339 Old Town Service:Maintenance", "action_flag": 2, "change_message": "[{\"changed\": {\"fields\": [\"category\"]}}]"}}, {"model": "admin.logentry", "pk": 107, "fields": {"action_time": "2020-08-03T15:48:10.503Z", "user": 1, "content_type": 6, "object_id": "26", "object_repr": "339 Old Town Service:Maintenance", "action_flag": 2, "change_message": "[{\"changed\": {\"fields\": [\"category\"]}}]"}}, {"model": "admin.logentry", "pk": 108, "fields": {"action_time": "2020-08-08T08:39:07.077Z", "user": 1, "content_type": 6, "object_id": "34", "object_repr": "\u041e\u0432\u0447\u0438\u043d\u0430 Service:Cleaning", "action_flag": 1, "change_message": "[{\"added\": {}}]"}}, {"model": "admin.logentry", "pk": 109, "fields": {"action_time": "2020-08-08T08:44:04.492Z", "user": 1, "content_type": 8, "object_id": "27", "object_repr": "\u041e\u0432\u0447\u0438\u043d\u0430 Rent", "action_flag": 1, "change_message": "[{\"added\": {}}]"}}, {"model": "admin.logentry", "pk": 110, "fields": {"action_time": "2020-08-08T08:44:40.752Z", "user": 1, "content_type": 6, "object_id": "35", "object_repr": "\u041e\u0432\u0447\u0438\u043d\u0430 Service:Reception", "action_flag": 1, "change_message": "[{\"added\": {}}]"}}, {"model": "admin.logentry", "pk": 111, "fields": {"action_time": "2020-08-08T08:51:31.880Z", "user": 1, "content_type": 7, "object_id": "10", "object_repr": "MortageTaxInsurance", "action_flag": 1, "change_message": "[{\"added\": {}}]"}}, {"model": "admin.logentry", "pk": 112, "fields": {"action_time": "2020-08-08T08:53:06.638Z", "user": 1, "content_type": 6, "object_id": "36", "object_repr": "339 Old Town MortageTaxInsurance", "action_flag": 1, "change_message": "[{\"added\": {}}]"}}, {"model": "admin.logentry", "pk": 113, "fields": {"action_time": "2020-08-08T08:54:05.999Z", "user": 1, "content_type": 6, "object_id": "37", "object_repr": "406 Drew Lane Service:HOA", "action_flag": 1, "change_message": "[{\"added\": {}}]"}}, {"model": "admin.logentry", "pk": 114, "fields": {"action_time": "2020-08-08T08:55:49.719Z", "user": 1, "content_type": 6, "object_id": "38", "object_repr": "339 Old Town Service:Repair", "action_flag": 1, "change_message": "[{\"added\": {}}]"}}, {"model": "admin.logentry", "pk": 115, "fields": {"action_time": "2020-08-08T09:13:02.074Z", "user": 1, "content_type": 6, "object_id": "39", "object_repr": "\u0421\u0438\u043c\u0432\u043e\u043b Service:Repair", "action_flag": 1, "change_message": "[{\"added\": {}}]"}}, {"model": "admin.logentry", "pk": 116, "fields": {"action_time": "2020-08-08T09:13:40.768Z", "user": 1, "content_type": 6, "object_id": "40", "object_repr": "\u0421\u0438\u043c\u0432\u043e\u043b Service:Repair", "action_flag": 1, "change_message": "[{\"added\": {}}]"}}, {"model": "admin.logentry", "pk": 117, "fields": {"action_time": "2020-08-08T09:15:54.954Z", "user": 1, "content_type": 6, "object_id": "41", "object_repr": "\u0421\u0438\u043c\u0432\u043e\u043b Service:Repair", "action_flag": 1, "change_message": "[{\"added\": {}}]"}}, {"model": "admin.logentry", "pk": 118, "fields": {"action_time": "2020-08-08T09:21:30.336Z", "user": 1, "content_type": 6, "object_id": "42", "object_repr": "\u0421\u0438\u043c\u0432\u043e\u043b Service:Repair", "action_flag": 1, "change_message": "[{\"added\": {}}]"}}, {"model": "admin.logentry", "pk": 119, "fields": {"action_time": "2020-08-09T13:52:42.138Z", "user": 1, "content_type": 8, "object_id": "28", "object_repr": "\u041e\u0432\u0447\u0438\u043d\u0430 Rent", "action_flag": 1, "change_message": "[{\"added\": {}}]"}}, {"model": "admin.logentry", "pk": 120, "fields": {"action_time": "2020-08-09T13:53:34.230Z", "user": 1, "content_type": 6, "object_id": "43", "object_repr": "\u041e\u0432\u0447\u0438\u043d\u0430 Service:Cleaning", "action_flag": 1, "change_message": "[{\"added\": {}}]"}}, {"model": "admin.logentry", "pk": 121, "fields": {"action_time": "2020-08-16T09:59:20.227Z", "user": 1, "content_type": 7, "object_id": "11", "object_repr": "Utilities:Misc", "action_flag": 1, "change_message": "[{\"added\": {}}]"}}, {"model": "admin.logentry", "pk": 122, "fields": {"action_time": "2020-08-16T10:00:30.101Z", "user": 1, "content_type": 6, "object_id": "44", "object_repr": "\u041e\u0432\u0447\u0438\u043d\u0430 Utilities:Misc", "action_flag": 1, "change_message": "[{\"added\": {}}]"}}, {"model": "admin.logentry", "pk": 123, "fields": {"action_time": "2020-08-16T10:01:23.034Z", "user": 1, "content_type": 6, "object_id": "45", "object_repr": "\u041e\u0432\u0447\u0438\u043d\u0430 Utilities:Misc", "action_flag": 1, "change_message": "[{\"added\": {}}]"}}, {"model": "admin.logentry", "pk": 124, "fields": {"action_time": "2020-08-16T10:27:30.453Z", "user": 1, "content_type": 6, "object_id": "46", "object_repr": "\u041e\u0432\u0447\u0438\u043d\u0430 Utilities:Misc", "action_flag": 1, "change_message": "[{\"added\": {}}]"}}, {"model": "admin.logentry", "pk": 125, "fields": {"action_time": "2020-08-16T10:31:53.790Z", "user": 1, "content_type": 6, "object_id": "47", "object_repr": "\u041e\u0432\u0447\u0438\u043d\u0430 Utilities:Electric", "action_flag": 1, "change_message": "[{\"added\": {}}]"}}, {"model": "admin.logentry", "pk": 126, "fields": {"action_time": "2020-08-16T10:34:56.556Z", "user": 1, "content_type": 6, "object_id": "48", "object_repr": "\u041e\u0432\u0447\u0438\u043d\u0430 Utilities:Misc", "action_flag": 1, "change_message": "[{\"added\": {}}]"}}, {"model": "admin.logentry", "pk": 127, "fields": {"action_time": "2020-08-18T18:17:48.635Z", "user": 1, "content_type": 8, "object_id": "29", "object_repr": "\u041e\u0432\u0447\u0438\u043d\u0430 Rent", "action_flag": 1, "change_message": "[{\"added\": {}}]"}}, {"model": "admin.logentry", "pk": 128, "fields": {"action_time": "2020-08-18T18:18:53.686Z", "user": 1, "content_type": 6, "object_id": "49", "object_repr": "\u041e\u0432\u0447\u0438\u043d\u0430 Service:Cleaning", "action_flag": 1, "change_message": "[{\"added\": {}}]"}}, {"model": "admin.logentry", "pk": 129, "fields": {"action_time": "2020-08-25T11:12:42.848Z", "user": 1, "content_type": 6, "object_id": "50", "object_repr": "339 Old Town Service:Repair", "action_flag": 1, "change_message": "[{\"added\": {}}]"}}, {"model": "admin.logentry", "pk": 130, "fields": {"action_time": "2020-08-25T11:13:28.950Z", "user": 1, "content_type": 6, "object_id": "51", "object_repr": "339 Old Town Service:Cleaning", "action_flag": 1, "change_message": "[{\"added\": {}}]"}}, {"model": "admin.logentry", "pk": 131, "fields": {"action_time": "2020-08-25T11:14:21.340Z", "user": 1, "content_type": 6, "object_id": "52", "object_repr": "\u041e\u0432\u0447\u0438\u043d\u0430 Service:Cleaning", "action_flag": 1, "change_message": "[{\"added\": {}}]"}}, {"model": "admin.logentry", "pk": 132, "fields": {"action_time": "2020-08-25T11:17:19.463Z", "user": 1, "content_type": 8, "object_id": "30", "object_repr": "\u041e\u0432\u0447\u0438\u043d\u0430 Rent", "action_flag": 1, "change_message": "[{\"added\": {}}]"}}, {"model": "admin.logentry", "pk": 133, "fields": {"action_time": "2020-08-25T11:18:36.526Z", "user": 1, "content_type": 6, "object_id": "53", "object_repr": "\u041e\u0432\u0447\u0438\u043d\u0430 Service:Cleaning", "action_flag": 1, "change_message": "[{\"added\": {}}]"}}, {"model": "admin.logentry", "pk": 134, "fields": {"action_time": "2020-08-25T11:21:20.982Z", "user": 1, "content_type": 8, "object_id": "31", "object_repr": "\u041e\u0432\u0447\u0438\u043d\u0430 Rent", "action_flag": 1, "change_message": "[{\"added\": {}}]"}}, {"model": "admin.logentry", "pk": 135, "fields": {"action_time": "2020-08-25T11:58:45.046Z", "user": 1, "content_type": 7, "object_id": "12", "object_repr": "Security Deposit", "action_flag": 1, "change_message": "[{\"added\": {}}]"}}, {"model": "admin.logentry", "pk": 136, "fields": {"action_time": "2020-08-25T11:59:36.724Z", "user": 1, "content_type": 6, "object_id": "54", "object_repr": "406 Drew Lane Security Deposit", "action_flag": 1, "change_message": "[{\"added\": {}}]"}}, {"model": "admin.logentry", "pk": 137, "fields": {"action_time": "2020-08-25T12:00:09.102Z", "user": 1, "content_type": 6, "object_id": "54", "object_repr": "406 Drew Lane Security Deposit", "action_flag": 2, "change_message": "[{\"changed\": {\"fields\": [\"note\"]}}]"}}, {"model": "admin.logentry", "pk": 138, "fields": {"action_time": "2020-08-25T12:01:25.358Z", "user": 1, "content_type": 8, "object_id": "32", "object_repr": "406 Drew Lane Rent", "action_flag": 1, "change_message": "[{\"added\": {}}]"}}, {"model": "admin.logentry", "pk": 139, "fields": {"action_time": "2020-08-25T12:01:52.934Z", "user": 1, "content_type": 8, "object_id": "33", "object_repr": "406 Drew Lane Rent", "action_flag": 1, "change_message": "[{\"added\": {}}]"}}, {"model": "admin.logentry", "pk": 140, "fields": {"action_time": "2020-08-27T19:34:59.287Z", "user": 1, "content_type": 6, "object_id": "55", "object_repr": "45 Arrowhead MortageTaxInsurance", "action_flag": 1, "change_message": "[{\"added\": {}}]"}}, {"model": "admin.logentry", "pk": 141, "fields": {"action_time": "2020-08-27T19:38:03.784Z", "user": 1, "content_type": 6, "object_id": "55", "object_repr": "45 Arrowhead MortageTaxInsurance", "action_flag": 2, "change_message": "[{\"changed\": {\"fields\": [\"amount\"]}}]"}}, {"model": "admin.logentry", "pk": 142, "fields": {"action_time": "2020-08-29T07:11:41.870Z", "user": 1, "content_type": 8, "object_id": "34", "object_repr": "339 Old Town Rent", "action_flag": 1, "change_message": "[{\"added\": {}}]"}}, {"model": "admin.logentry", "pk": 143, "fields": {"action_time": "2020-08-29T07:13:27.055Z", "user": 1, "content_type": 8, "object_id": "35", "object_repr": "45 Arrowhead Rent", "action_flag": 1, "change_message": "[{\"added\": {}}]"}}, {"model": "admin.logentry", "pk": 144, "fields": {"action_time": "2020-08-29T07:14:18.393Z", "user": 1, "content_type": 8, "object_id": "36", "object_repr": "45 Arrowhead Rent", "action_flag": 1, "change_message": "[{\"added\": {}}]"}}, {"model": "admin.logentry", "pk": 145, "fields": {"action_time": "2020-08-29T07:15:15.244Z", "user": 1, "content_type": 8, "object_id": "37", "object_repr": "339 Old Town Rent", "action_flag": 1, "change_message": "[{\"added\": {}}]"}}, {"model": "admin.logentry", "pk": 146, "fields": {"action_time": "2020-08-29T07:16:45.919Z", "user": 1, "content_type": 6, "object_id": "56", "object_repr": "406 Drew Lane Service:Repair", "action_flag": 1, "change_message": "[{\"added\": {}}]"}}, {"model": "admin.logentry", "pk": 147, "fields": {"action_time": "2020-08-29T07:17:52.277Z", "user": 1, "content_type": 6, "object_id": "57", "object_repr": "406 Drew Lane Service:Cleaning", "action_flag": 1, "change_message": "[{\"added\": {}}]"}}, {"model": "admin.logentry", "pk": 148, "fields": {"action_time": "2020-08-29T07:33:11.250Z", "user": 1, "content_type": 6, "object_id": "55", "object_repr": "45 Arrowhead MortageTaxInsurance", "action_flag": 2, "change_message": "[{\"changed\": {\"fields\": [\"date\"]}}]"}}, {"model": "admin.logentry", "pk": 149, "fields": {"action_time": "2020-08-29T08:49:00.735Z", "user": 1, "content_type": 6, "object_id": "58", "object_repr": "\u041e\u0432\u0447\u0438\u043d\u0430 Service:Booking", "action_flag": 1, "change_message": "[{\"added\": {}}]"}}, {"model": "admin.logentry", "pk": 150, "fields": {"action_time": "2020-08-30T07:44:34.391Z", "user": 1, "content_type": 6, "object_id": "59", "object_repr": "\u0421\u0438\u043c\u0432\u043e\u043b Service:Repair", "action_flag": 1, "change_message": "[{\"added\": {}}]"}}, {"model": "admin.logentry", "pk": 151, "fields": {"action_time": "2020-08-30T07:46:27.693Z", "user": 1, "content_type": 6, "object_id": "60", "object_repr": "\u0421\u0438\u043c\u0432\u043e\u043b Service:Repair", "action_flag": 1, "change_message": "[{\"added\": {}}]"}}, {"model": "admin.logentry", "pk": 152, "fields": {"action_time": "2020-08-30T07:47:15.566Z", "user": 1, "content_type": 6, "object_id": "60", "object_repr": "\u0421\u0438\u043c\u0432\u043e\u043b Service:Repair", "action_flag": 2, "change_message": "[{\"changed\": {\"fields\": [\"note\"]}}]"}}, {"model": "admin.logentry", "pk": 153, "fields": {"action_time": "2020-08-30T07:48:13.465Z", "user": 1, "content_type": 6, "object_id": "61", "object_repr": "\u0421\u0438\u043c\u0432\u043e\u043b Service:Repair", "action_flag": 1, "change_message": "[{\"added\": {}}]"}}, {"model": "admin.logentry", "pk": 154, "fields": {"action_time": "2020-08-30T07:49:11.223Z", "user": 1, "content_type": 6, "object_id": "62", "object_repr": "\u0421\u0438\u043c\u0432\u043e\u043b Service:Repair", "action_flag": 1, "change_message": "[{\"added\": {}}]"}}, {"model": "admin.logentry", "pk": 155, "fields": {"action_time": "2020-08-30T07:49:35.074Z", "user": 1, "content_type": 6, "object_id": "62", "object_repr": "\u0421\u0438\u043c\u0432\u043e\u043b Service:Repair", "action_flag": 2, "change_message": "[{\"changed\": {\"fields\": [\"note\"]}}]"}}, {"model": "admin.logentry", "pk": 156, "fields": {"action_time": "2020-08-30T07:50:19.974Z", "user": 1, "content_type": 6, "object_id": "63", "object_repr": "\u0421\u0438\u043c\u0432\u043e\u043b Service:Repair", "action_flag": 1, "change_message": "[{\"added\": {}}]"}}, {"model": "admin.logentry", "pk": 157, "fields": {"action_time": "2020-08-30T07:51:45.510Z", "user": 1, "content_type": 6, "object_id": "64", "object_repr": "\u0421\u0438\u043c\u0432\u043e\u043b Service:Repair", "action_flag": 1, "change_message": "[{\"added\": {}}]"}}, {"model": "admin.logentry", "pk": 158, "fields": {"action_time": "2020-08-30T08:00:29.173Z", "user": 1, "content_type": 8, "object_id": "38", "object_repr": "339 Old Town Rent", "action_flag": 1, "change_message": "[{\"added\": {}}]"}}, {"model": "admin.logentry", "pk": 159, "fields": {"action_time": "2020-08-30T08:01:19.223Z", "user": 1, "content_type": 8, "object_id": "39", "object_repr": "45 Arrowhead Rent", "action_flag": 1, "change_message": "[{\"added\": {}}]"}}, {"model": "admin.logentry", "pk": 160, "fields": {"action_time": "2020-08-31T06:13:12.546Z", "user": 1, "content_type": 6, "object_id": "65", "object_repr": "\u0421\u0438\u043c\u0432\u043e\u043b Service:Repair", "action_flag": 1, "change_message": "[{\"added\": {}}]"}}, {"model": "admin.logentry", "pk": 161, "fields": {"action_time": "2020-09-03T07:21:26.802Z", "user": 1, "content_type": 6, "object_id": "66", "object_repr": "\u0421\u0438\u043c\u0432\u043e\u043b Service:Repair", "action_flag": 1, "change_message": "[{\"added\": {}}]"}}, {"model": "admin.logentry", "pk": 162, "fields": {"action_time": "2020-09-03T07:22:14.421Z", "user": 1, "content_type": 6, "object_id": "67", "object_repr": "\u0421\u0438\u043c\u0432\u043e\u043b Service:Repair", "action_flag": 1, "change_message": "[{\"added\": {}}]"}}, {"model": "admin.logentry", "pk": 163, "fields": {"action_time": "2020-09-03T07:22:34.210Z", "user": 1, "content_type": 6, "object_id": "67", "object_repr": "\u0421\u0438\u043c\u0432\u043e\u043b Service:Repair", "action_flag": 2, "change_message": "[{\"changed\": {\"fields\": [\"note\"]}}]"}}, {"model": "admin.logentry", "pk": 164, "fields": {"action_time": "2020-09-03T07:22:47.083Z", "user": 1, "content_type": 6, "object_id": "65", "object_repr": "\u0421\u0438\u043c\u0432\u043e\u043b Service:Repair", "action_flag": 2, "change_message": "[{\"changed\": {\"fields\": [\"note\"]}}]"}}, {"model": "admin.logentry", "pk": 165, "fields": {"action_time": "2020-09-03T08:47:16.166Z", "user": 1, "content_type": 6, "object_id": "68", "object_repr": "\u0421\u0438\u043c\u0432\u043e\u043b Service:Repair", "action_flag": 1, "change_message": "[{\"added\": {}}]"}}, {"model": "admin.logentry", "pk": 166, "fields": {"action_time": "2020-09-03T08:47:52.493Z", "user": 1, "content_type": 6, "object_id": "68", "object_repr": "\u0421\u0438\u043c\u0432\u043e\u043b Service:Repair", "action_flag": 2, "change_message": "[{\"changed\": {\"fields\": [\"vendor\"]}}]"}}, {"model": "admin.logentry", "pk": 167, "fields": {"action_time": "2020-09-03T16:45:44.284Z", "user": 1, "content_type": 6, "object_id": "69", "object_repr": "\u041e\u0432\u0447\u0438\u043d\u0430 Utilities:Misc", "action_flag": 1, "change_message": "[{\"added\": {}}]"}}, {"model": "admin.logentry", "pk": 168, "fields": {"action_time": "2020-09-03T16:52:00.236Z", "user": 1, "content_type": 6, "object_id": "70", "object_repr": "\u041e\u0432\u0447\u0438\u043d\u0430 Utilities:Electric", "action_flag": 1, "change_message": "[{\"added\": {}}]"}}, {"model": "admin.logentry", "pk": 169, "fields": {"action_time": "2020-09-03T16:57:37.348Z", "user": 1, "content_type": 6, "object_id": "71", "object_repr": "\u041e\u0432\u0447\u0438\u043d\u0430 Utilities:Misc", "action_flag": 1, "change_message": "[{\"added\": {}}]"}}, {"model": "admin.logentry", "pk": 170, "fields": {"action_time": "2020-09-04T09:51:58.308Z", "user": 1, "content_type": 8, "object_id": "39", "object_repr": "45 Arrowhead Rent", "action_flag": 2, "change_message": "[{\"changed\": {\"fields\": [\"note\"]}}]"}}, {"model": "admin.logentry", "pk": 171, "fields": {"action_time": "2020-09-04T09:53:51.912Z", "user": 1, "content_type": 8, "object_id": "36", "object_repr": "45 Arrowhead Rent", "action_flag": 2, "change_message": "[{\"changed\": {\"fields\": [\"note\"]}}]"}}, {"model": "admin.logentry", "pk": 172, "fields": {"action_time": "2020-09-04T09:54:54.873Z", "user": 1, "content_type": 8, "object_id": "40", "object_repr": "45 Arrowhead Rent", "action_flag": 1, "change_message": "[{\"added\": {}}]"}}, {"model": "admin.logentry", "pk": 173, "fields": {"action_time": "2020-09-04T09:55:41.426Z", "user": 1, "content_type": 8, "object_id": "41", "object_repr": "45 Arrowhead Rent", "action_flag": 1, "change_message": "[{\"added\": {}}]"}}, {"model": "admin.logentry", "pk": 174, "fields": {"action_time": "2020-09-04T09:56:57.919Z", "user": 1, "content_type": 8, "object_id": "42", "object_repr": "339 Old Town Rent", "action_flag": 1, "change_message": "[{\"added\": {}}]"}}, {"model": "admin.logentry", "pk": 175, "fields": {"action_time": "2020-09-04T09:58:10.832Z", "user": 1, "content_type": 8, "object_id": "43", "object_repr": "339 Old Town Rent", "action_flag": 1, "change_message": "[{\"added\": {}}]"}}, {"model": "admin.logentry", "pk": 176, "fields": {"action_time": "2020-09-04T09:59:06.488Z", "user": 1, "content_type": 8, "object_id": "44", "object_repr": "339 Old Town Rent", "action_flag": 1, "change_message": "[{\"added\": {}}]"}}, {"model": "admin.logentry", "pk": 177, "fields": {"action_time": "2020-09-04T09:59:52.926Z", "user": 1, "content_type": 8, "object_id": "45", "object_repr": "45 Arrowhead Rent", "action_flag": 1, "change_message": "[{\"added\": {}}]"}}, {"model": "admin.logentry", "pk": 178, "fields": {"action_time": "2020-09-04T10:00:32.483Z", "user": 1, "content_type": 8, "object_id": "46", "object_repr": "45 Arrowhead Rent", "action_flag": 1, "change_message": "[{\"added\": {}}]"}}, {"model": "admin.logentry", "pk": 179, "fields": {"action_time": "2020-09-04T10:02:03.754Z", "user": 1, "content_type": 8, "object_id": "47", "object_repr": "45 Arrowhead Rent", "action_flag": 1, "change_message": "[{\"added\": {}}]"}}, {"model": "admin.logentry", "pk": 180, "fields": {"action_time": "2020-09-04T10:02:51.339Z", "user": 1, "content_type": 6, "object_id": "72", "object_repr": "406 Drew Lane Service:HOA", "action_flag": 1, "change_message": "[{\"added\": {}}]"}}, {"model": "admin.logentry", "pk": 181, "fields": {"action_time": "2020-09-04T10:03:57.786Z", "user": 1, "content_type": 6, "object_id": "73", "object_repr": "339 Old Town MortageTaxInsurance", "action_flag": 1, "change_message": "[{\"added\": {}}]"}}, {"model": "admin.logentry", "pk": 182, "fields": {"action_time": "2020-09-04T10:04:14.535Z", "user": 1, "content_type": 6, "object_id": "73", "object_repr": "339 Old Town MortageTaxInsurance", "action_flag": 2, "change_message": "[{\"changed\": {\"fields\": [\"vendor\"]}}]"}}, {"model": "admin.logentry", "pk": 183, "fields": {"action_time": "2020-09-04T10:05:50.129Z", "user": 1, "content_type": 6, "object_id": "50", "object_repr": "339 Old Town Service:Repair", "action_flag": 2, "change_message": "[{\"changed\": {\"fields\": [\"date\"]}}]"}}, {"model": "admin.logentry", "pk": 184, "fields": {"action_time": "2020-09-04T10:08:23.194Z", "user": 1, "content_type": 8, "object_id": "38", "object_repr": "339 Old Town Rent", "action_flag": 3, "change_message": ""}}, {"model": "admin.logentry", "pk": 185, "fields": {"action_time": "2020-09-04T10:12:44.566Z", "user": 1, "content_type": 8, "object_id": "48", "object_repr": "339 Old Town Rent", "action_flag": 1, "change_message": "[{\"added\": {}}]"}}, {"model": "admin.logentry", "pk": 186, "fields": {"action_time": "2020-09-04T10:13:49.558Z", "user": 1, "content_type": 6, "object_id": "55", "object_repr": "45 Arrowhead MortageTaxInsurance", "action_flag": 2, "change_message": "[{\"changed\": {\"fields\": [\"note\"]}}]"}}, {"model": "admin.logentry", "pk": 187, "fields": {"action_time": "2020-09-04T10:19:19.961Z", "user": 1, "content_type": 6, "object_id": "72", "object_repr": "406 Drew Lane Service:HOA", "action_flag": 2, "change_message": "[{\"changed\": {\"fields\": [\"date\"]}}]"}}, {"model": "admin.logentry", "pk": 188, "fields": {"action_time": "2020-09-04T10:19:51.550Z", "user": 1, "content_type": 8, "object_id": "47", "object_repr": "45 Arrowhead Rent", "action_flag": 2, "change_message": "[{\"changed\": {\"fields\": [\"date\"]}}]"}}, {"model": "admin.logentry", "pk": 189, "fields": {"action_time": "2020-09-04T10:20:56.070Z", "user": 1, "content_type": 8, "object_id": "41", "object_repr": "45 Arrowhead Rent", "action_flag": 2, "change_message": "[{\"changed\": {\"fields\": [\"note\"]}}]"}}, {"model": "admin.logentry", "pk": 190, "fields": {"action_time": "2020-09-04T10:21:06.055Z", "user": 1, "content_type": 8, "object_id": "45", "object_repr": "45 Arrowhead Rent", "action_flag": 2, "change_message": "[{\"changed\": {\"fields\": [\"note\"]}}]"}}, {"model": "admin.logentry", "pk": 191, "fields": {"action_time": "2020-09-04T10:21:14.359Z", "user": 1, "content_type": 8, "object_id": "46", "object_repr": "45 Arrowhead Rent", "action_flag": 2, "change_message": "[{\"changed\": {\"fields\": [\"note\"]}}]"}}, {"model": "admin.logentry", "pk": 192, "fields": {"action_time": "2020-09-05T13:18:32.251Z", "user": 1, "content_type": 8, "object_id": "49", "object_repr": "45 Arrowhead Rent", "action_flag": 1, "change_message": "[{\"added\": {}}]"}}, {"model": "admin.logentry", "pk": 193, "fields": {"action_time": "2020-09-05T13:19:05.345Z", "user": 1, "content_type": 8, "object_id": "49", "object_repr": "45 Arrowhead Rent", "action_flag": 2, "change_message": "[{\"changed\": {\"fields\": [\"date\"]}}]"}}, {"model": "admin.logentry", "pk": 194, "fields": {"action_time": "2020-09-05T13:20:23.387Z", "user": 1, "content_type": 6, "object_id": "72", "object_repr": "406 Drew Lane Service:HOA", "action_flag": 2, "change_message": "[{\"changed\": {\"fields\": [\"note\"]}}]"}}, {"model": "admin.logentry", "pk": 195, "fields": {"action_time": "2020-09-05T13:21:39.678Z", "user": 1, "content_type": 8, "object_id": "50", "object_repr": "406 Drew Lane Security Deposit", "action_flag": 1, "change_message": "[{\"added\": {}}]"}}, {"model": "admin.logentry", "pk": 196, "fields": {"action_time": "2020-09-06T05:53:38.531Z", "user": 1, "content_type": 8, "object_id": "51", "object_repr": "406 Drew Lane Rent", "action_flag": 1, "change_message": "[{\"added\": {}}]"}}, {"model": "admin.logentry", "pk": 197, "fields": {"action_time": "2020-09-06T05:55:05.739Z", "user": 1, "content_type": 6, "object_id": "74", "object_repr": "406 Drew Lane Service:HOA", "action_flag": 1, "change_message": "[{\"added\": {}}]"}}, {"model": "admin.logentry", "pk": 198, "fields": {"action_time": "2020-09-06T15:02:06.718Z", "user": 1, "content_type": 6, "object_id": "75", "object_repr": "45 Arrowhead Service:Repair", "action_flag": 1, "change_message": "[{\"added\": {}}]"}}, {"model": "admin.logentry", "pk": 199, "fields": {"action_time": "2020-09-06T15:04:06.290Z", "user": 1, "content_type": 6, "object_id": "76", "object_repr": "\u041e\u0432\u0447\u0438\u043d\u0430 Service:Booking", "action_flag": 1, "change_message": "[{\"added\": {}}]"}}, {"model": "admin.logentry", "pk": 200, "fields": {"action_time": "2020-09-06T15:06:34.960Z", "user": 1, "content_type": 8, "object_id": "52", "object_repr": "\u041e\u0432\u0447\u0438\u043d\u0430 Rent", "action_flag": 1, "change_message": "[{\"added\": {}}]"}}, {"model": "admin.logentry", "pk": 201, "fields": {"action_time": "2020-09-06T15:07:22.736Z", "user": 1, "content_type": 6, "object_id": "77", "object_repr": "\u041e\u0432\u0447\u0438\u043d\u0430 Service:Cleaning", "action_flag": 1, "change_message": "[{\"added\": {}}]"}}, {"model": "admin.logentry", "pk": 202, "fields": {"action_time": "2020-09-06T15:07:42.823Z", "user": 1, "content_type": 6, "object_id": "78", "object_repr": "\u041e\u0432\u0447\u0438\u043d\u0430 Service:Reception", "action_flag": 1, "change_message": "[{\"added\": {}}]"}}, {"model": "admin.logentry", "pk": 203, "fields": {"action_time": "2020-09-06T15:09:18.720Z", "user": 1, "content_type": 6, "object_id": "79", "object_repr": "45 Arrowhead Service:Repair", "action_flag": 1, "change_message": "[{\"added\": {}}]"}}, {"model": "admin.logentry", "pk": 204, "fields": {"action_time": "2020-09-07T07:49:07.397Z", "user": 1, "content_type": 6, "object_id": "80", "object_repr": "\u0421\u0438\u043c\u0432\u043e\u043b Service:Repair", "action_flag": 1, "change_message": "[{\"added\": {}}]"}}, {"model": "admin.logentry", "pk": 205, "fields": {"action_time": "2020-09-07T07:55:39.512Z", "user": 1, "content_type": 6, "object_id": "81", "object_repr": "\u0421\u0438\u043c\u0432\u043e\u043b Service:Repair", "action_flag": 1, "change_message": "[{\"added\": {}}]"}}, {"model": "admin.logentry", "pk": 206, "fields": {"action_time": "2020-09-07T07:55:57.669Z", "user": 1, "content_type": 6, "object_id": "81", "object_repr": "\u0421\u0438\u043c\u0432\u043e\u043b Service:Repair", "action_flag": 2, "change_message": "[{\"changed\": {\"fields\": [\"note\"]}}]"}}, {"model": "admin.logentry", "pk": 207, "fields": {"action_time": "2020-09-10T05:29:24.899Z", "user": 1, "content_type": 8, "object_id": "53", "object_repr": "\u041e\u0432\u0447\u0438\u043d\u0430 Rent", "action_flag": 1, "change_message": "[{\"added\": {}}]"}}, {"model": "admin.logentry", "pk": 208, "fields": {"action_time": "2020-09-10T05:30:16.413Z", "user": 1, "content_type": 6, "object_id": "82", "object_repr": "\u041e\u0432\u0447\u0438\u043d\u0430 Service:Cleaning", "action_flag": 1, "change_message": "[{\"added\": {}}]"}}, {"model": "admin.logentry", "pk": 209, "fields": {"action_time": "2020-09-11T05:44:02.968Z", "user": 1, "content_type": 8, "object_id": "54", "object_repr": "45 Arrowhead Rent", "action_flag": 1, "change_message": "[{\"added\": {}}]"}}, {"model": "admin.logentry", "pk": 210, "fields": {"action_time": "2020-09-11T05:44:49.228Z", "user": 1, "content_type": 8, "object_id": "55", "object_repr": "406 Drew Lane Rent", "action_flag": 1, "change_message": "[{\"added\": {}}]"}}, {"model": "admin.logentry", "pk": 211, "fields": {"action_time": "2020-09-11T05:46:36.587Z", "user": 1, "content_type": 8, "object_id": "56", "object_repr": "45 Arrowhead Rent", "action_flag": 1, "change_message": "[{\"added\": {}}]"}}, {"model": "admin.logentry", "pk": 212, "fields": {"action_time": "2020-09-11T05:47:13.311Z", "user": 1, "content_type": 8, "object_id": "57", "object_repr": "45 Arrowhead Rent", "action_flag": 1, "change_message": "[{\"added\": {}}]"}}, {"model": "admin.logentry", "pk": 213, "fields": {"action_time": "2020-09-11T05:48:01.468Z", "user": 1, "content_type": 8, "object_id": "58", "object_repr": "45 Arrowhead Rent", "action_flag": 1, "change_message": "[{\"added\": {}}]"}}, {"model": "admin.logentry", "pk": 214, "fields": {"action_time": "2020-09-14T16:54:51.905Z", "user": 1, "content_type": 6, "object_id": "83", "object_repr": "\u041e\u0432\u0447\u0438\u043d\u0430 Utilities:Internet", "action_flag": 1, "change_message": "[{\"added\": {}}]"}}, {"model": "admin.logentry", "pk": 215, "fields": {"action_time": "2020-09-14T16:58:22.975Z", "user": 1, "content_type": 8, "object_id": "59", "object_repr": "\u041e\u0432\u0447\u0438\u043d\u0430 Rent", "action_flag": 1, "change_message": "[{\"added\": {}}]"}}, {"model": "admin.logentry", "pk": 216, "fields": {"action_time": "2020-09-14T17:02:17.867Z", "user": 1, "content_type": 6, "object_id": "84", "object_repr": "\u041e\u0432\u0447\u0438\u043d\u0430 Service:Cleaning", "action_flag": 1, "change_message": "[{\"added\": {}}]"}}, {"model": "admin.logentry", "pk": 217, "fields": {"action_time": "2020-09-14T17:03:15.799Z", "user": 1, "content_type": 6, "object_id": "85", "object_repr": "\u041e\u0432\u0447\u0438\u043d\u0430 Service:Repair", "action_flag": 1, "change_message": "[{\"added\": {}}]"}}, {"model": "admin.logentry", "pk": 218, "fields": {"action_time": "2020-09-14T17:14:53.594Z", "user": 1, "content_type": 6, "object_id": "86", "object_repr": "\u041e\u0432\u0447\u0438\u043d\u0430 Service:Repair", "action_flag": 1, "change_message": "[{\"added\": {}}]"}}, {"model": "admin.logentry", "pk": 219, "fields": {"action_time": "2020-09-17T05:39:04.831Z", "user": 1, "content_type": 6, "object_id": "87", "object_repr": "\u0421\u0438\u043c\u0432\u043e\u043b Service:Repair", "action_flag": 1, "change_message": "[{\"added\": {}}]"}}, {"model": "admin.logentry", "pk": 220, "fields": {"action_time": "2020-09-17T05:41:09.690Z", "user": 1, "content_type": 6, "object_id": "88", "object_repr": "\u0421\u0438\u043c\u0432\u043e\u043b Service:Repair", "action_flag": 1, "change_message": "[{\"added\": {}}]"}}, {"model": "admin.logentry", "pk": 221, "fields": {"action_time": "2020-09-17T05:41:30.647Z", "user": 1, "content_type": 6, "object_id": "88", "object_repr": "\u0421\u0438\u043c\u0432\u043e\u043b Service:Repair", "action_flag": 2, "change_message": "[{\"changed\": {\"fields\": [\"vendor\"]}}]"}}, {"model": "admin.logentry", "pk": 222, "fields": {"action_time": "2020-09-17T05:42:28.285Z", "user": 1, "content_type": 6, "object_id": "89", "object_repr": "\u0421\u0438\u043c\u0432\u043e\u043b Service:Repair", "action_flag": 1, "change_message": "[{\"added\": {}}]"}}, {"model": "admin.logentry", "pk": 223, "fields": {"action_time": "2020-09-17T05:44:50.563Z", "user": 1, "content_type": 6, "object_id": "90", "object_repr": "\u0421\u0438\u043c\u0432\u043e\u043b Service:Repair", "action_flag": 1, "change_message": "[{\"added\": {}}]"}}, {"model": "admin.logentry", "pk": 224, "fields": {"action_time": "2020-09-17T05:50:49.180Z", "user": 1, "content_type": 8, "object_id": "60", "object_repr": "45 Arrowhead Rent", "action_flag": 1, "change_message": "[{\"added\": {}}]"}}, {"model": "admin.logentry", "pk": 225, "fields": {"action_time": "2020-09-17T05:51:30.167Z", "user": 1, "content_type": 8, "object_id": "61", "object_repr": "45 Arrowhead Rent", "action_flag": 1, "change_message": "[{\"added\": {}}]"}}, {"model": "admin.logentry", "pk": 226, "fields": {"action_time": "2020-09-17T05:52:09.187Z", "user": 1, "content_type": 8, "object_id": "62", "object_repr": "45 Arrowhead Rent", "action_flag": 1, "change_message": "[{\"added\": {}}]"}}, {"model": "admin.logentry", "pk": 227, "fields": {"action_time": "2020-09-18T07:16:59.208Z", "user": 1, "content_type": 5, "object_id": "6", "object_repr": "Bruce Johnson", "action_flag": 3, "change_message": ""}}, {"model": "admin.logentry", "pk": 228, "fields": {"action_time": "2020-09-18T07:17:07.809Z", "user": 1, "content_type": 5, "object_id": "5", "object_repr": "Joshuabus", "action_flag": 3, "change_message": ""}}, {"model": "admin.logentry", "pk": 229, "fields": {"action_time": "2020-09-18T07:17:15.185Z", "user": 1, "content_type": 5, "object_id": "4", "object_repr": "YanFrend", "action_flag": 3, "change_message": ""}}, {"model": "admin.logentry", "pk": 230, "fields": {"action_time": "2020-09-18T07:17:21.415Z", "user": 1, "content_type": 5, "object_id": "3", "object_repr": "Luke", "action_flag": 3, "change_message": ""}}, {"model": "admin.logentry", "pk": 231, "fields": {"action_time": "2020-09-18T07:17:28.926Z", "user": 1, "content_type": 5, "object_id": "2", "object_repr": "Eric Jones", "action_flag": 3, "change_message": ""}}, {"model": "admin.logentry", "pk": 232, "fields": {"action_time": "2020-09-18T07:17:36.352Z", "user": 1, "content_type": 5, "object_id": "1", "object_repr": "Sam D.", "action_flag": 3, "change_message": ""}}, {"model": "admin.logentry", "pk": 233, "fields": {"action_time": "2020-09-18T10:58:26.760Z", "user": 1, "content_type": 6, "object_id": "91", "object_repr": "\u0421\u0438\u043c\u0432\u043e\u043b Service:Repair", "action_flag": 1, "change_message": "[{\"added\": {}}]"}}, {"model": "admin.logentry", "pk": 234, "fields": {"action_time": "2020-09-20T16:38:58.183Z", "user": 1, "content_type": 6, "object_id": "92", "object_repr": "\u0421\u0438\u043c\u0432\u043e\u043b Service:Repair", "action_flag": 1, "change_message": "[{\"added\": {}}]"}}, {"model": "admin.logentry", "pk": 235, "fields": {"action_time": "2020-09-21T07:41:13.080Z", "user": 1, "content_type": 7, "object_id": "13", "object_repr": "Tax", "action_flag": 1, "change_message": "[{\"added\": {}}]"}}, {"model": "admin.logentry", "pk": 236, "fields": {"action_time": "2020-09-21T07:42:34.268Z", "user": 1, "content_type": 6, "object_id": "93", "object_repr": "406 Drew Lane Tax", "action_flag": 1, "change_message": "[{\"added\": {}}]"}}, {"model": "admin.logentry", "pk": 237, "fields": {"action_time": "2020-09-21T11:52:45.691Z", "user": 1, "content_type": 8, "object_id": "63", "object_repr": "\u041e\u0432\u0447\u0438\u043d\u0430 Rent", "action_flag": 1, "change_message": "[{\"added\": {}}]"}}, {"model": "admin.logentry", "pk": 238, "fields": {"action_time": "2020-09-21T11:53:26.320Z", "user": 1, "content_type": 6, "object_id": "94", "object_repr": "\u041e\u0432\u0447\u0438\u043d\u0430 Service:Cleaning", "action_flag": 1, "change_message": "[{\"added\": {}}]"}}, {"model": "admin.logentry", "pk": 239, "fields": {"action_time": "2020-09-22T05:40:57.537Z", "user": 1, "content_type": 6, "object_id": "95", "object_repr": "\u0421\u0438\u043c\u0432\u043e\u043b Service:Repair", "action_flag": 1, "change_message": "[{\"added\": {}}]"}}, {"model": "admin.logentry", "pk": 240, "fields": {"action_time": "2020-09-23T11:11:53.464Z", "user": 1, "content_type": 6, "object_id": "96", "object_repr": "\u0421\u0438\u043c\u0432\u043e\u043b Service:Repair", "action_flag": 1, "change_message": "[{\"added\": {}}]"}}, {"model": "admin.logentry", "pk": 241, "fields": {"action_time": "2020-09-24T13:32:35.414Z", "user": 1, "content_type": 8, "object_id": "64", "object_repr": "\u041e\u0432\u0447\u0438\u043d\u0430 Rent", "action_flag": 1, "change_message": "[{\"added\": {}}]"}}, {"model": "admin.logentry", "pk": 242, "fields": {"action_time": "2020-09-24T13:33:25.738Z", "user": 1, "content_type": 6, "object_id": "97", "object_repr": "\u041e\u0432\u0447\u0438\u043d\u0430 Service:Cleaning", "action_flag": 1, "change_message": "[{\"added\": {}}]"}}, {"model": "admin.logentry", "pk": 243, "fields": {"action_time": "2020-09-24T13:33:44.206Z", "user": 1, "content_type": 6, "object_id": "98", "object_repr": "\u041e\u0432\u0447\u0438\u043d\u0430 Service:Reception", "action_flag": 1, "change_message": "[{\"added\": {}}]"}}, {"model": "admin.logentry", "pk": 244, "fields": {"action_time": "2020-09-25T05:54:06.082Z", "user": 1, "content_type": 5, "object_id": "8", "object_repr": "Jacquelyn", "action_flag": 3, "change_message": ""}}, {"model": "admin.logentry", "pk": 245, "fields": {"action_time": "2020-09-25T05:54:46.794Z", "user": 1, "content_type": 5, "object_id": "7", "object_repr": "Eric Jones", "action_flag": 3, "change_message": ""}}, {"model": "admin.logentry", "pk": 246, "fields": {"action_time": "2020-09-25T06:00:22.560Z", "user": 1, "content_type": 8, "object_id": "65", "object_repr": "339 Old Town Rent", "action_flag": 1, "change_message": "[{\"added\": {}}]"}}, {"model": "admin.logentry", "pk": 247, "fields": {"action_time": "2020-09-25T06:01:22.760Z", "user": 1, "content_type": 8, "object_id": "66", "object_repr": "339 Old Town Rent", "action_flag": 1, "change_message": "[{\"added\": {}}]"}}, {"model": "admin.logentry", "pk": 248, "fields": {"action_time": "2020-09-25T06:02:46.350Z", "user": 1, "content_type": 8, "object_id": "66", "object_repr": "339 Old Town Rent", "action_flag": 2, "change_message": "[{\"changed\": {\"fields\": [\"date\"]}}]"}}, {"model": "admin.logentry", "pk": 249, "fields": {"action_time": "2020-09-29T15:16:42.283Z", "user": 1, "content_type": 8, "object_id": "67", "object_repr": "339 Old Town Rent", "action_flag": 1, "change_message": "[{\"added\": {}}]"}}, {"model": "admin.logentry", "pk": 250, "fields": {"action_time": "2020-09-29T15:28:11.336Z", "user": 1, "content_type": 8, "object_id": "67", "object_repr": "339 Old Town Rent", "action_flag": 2, "change_message": "[{\"changed\": {\"fields\": [\"note\"]}}]"}}, {"model": "admin.logentry", "pk": 251, "fields": {"action_time": "2020-09-29T15:50:54.520Z", "user": 1, "content_type": 6, "object_id": "99", "object_repr": "\u041e\u0432\u0447\u0438\u043d\u0430 Service:Cleaning", "action_flag": 1, "change_message": "[{\"added\": {}}]"}}, {"model": "admin.logentry", "pk": 252, "fields": {"action_time": "2020-09-29T15:51:11.604Z", "user": 1, "content_type": 6, "object_id": "100", "object_repr": "\u041e\u0432\u0447\u0438\u043d\u0430 Service:Reception", "action_flag": 1, "change_message": "[{\"added\": {}}]"}}, {"model": "admin.logentry", "pk": 253, "fields": {"action_time": "2020-09-29T15:53:04.373Z", "user": 1, "content_type": 8, "object_id": "68", "object_repr": "\u041e\u0432\u0447\u0438\u043d\u0430 Rent", "action_flag": 1, "change_message": "[{\"added\": {}}]"}}, {"model": "admin.logentry", "pk": 254, "fields": {"action_time": "2020-10-01T15:44:37.812Z", "user": 1, "content_type": 2, "object_id": "2", "object_repr": "stas", "action_flag": 2, "change_message": "[]"}}, {"model": "admin.logentry", "pk": 255, "fields": {"action_time": "2020-10-01T15:45:17.221Z", "user": 1, "content_type": 1, "object_id": "2", "object_repr": "\u0421\u0438\u043c\u0432\u043e\u043b", "action_flag": 2, "change_message": "[]"}}, {"model": "admin.logentry", "pk": 256, "fields": {"action_time": "2020-10-01T15:51:50.380Z", "user": 1, "content_type": 6, "object_id": "101", "object_repr": "\u0421\u0438\u043c\u0432\u043e\u043b Service:Repair", "action_flag": 1, "change_message": "[{\"added\": {}}]"}}, {"model": "admin.logentry", "pk": 257, "fields": {"action_time": "2020-10-02T05:38:05.072Z", "user": 1, "content_type": 8, "object_id": "69", "object_repr": "339 Old Town Rent", "action_flag": 1, "change_message": "[{\"added\": {}}]"}}, {"model": "admin.logentry", "pk": 258, "fields": {"action_time": "2020-10-02T05:38:51.824Z", "user": 1, "content_type": 8, "object_id": "70", "object_repr": "339 Old Town Rent", "action_flag": 1, "change_message": "[{\"added\": {}}]"}}, {"model": "admin.logentry", "pk": 259, "fields": {"action_time": "2020-10-02T05:39:50.344Z", "user": 1, "content_type": 6, "object_id": "102", "object_repr": "45 Arrowhead MortageTaxInsurance", "action_flag": 1, "change_message": "[{\"added\": {}}]"}}, {"model": "admin.logentry", "pk": 260, "fields": {"action_time": "2020-10-02T05:48:43.021Z", "user": 1, "content_type": 6, "object_id": "103", "object_repr": "45 Arrowhead MortageTaxInsurance", "action_flag": 1, "change_message": "[{\"added\": {}}]"}}, {"model": "admin.logentry", "pk": 261, "fields": {"action_time": "2020-10-02T11:12:15.545Z", "user": 1, "content_type": 6, "object_id": "104", "object_repr": "339 Old Town MortageTaxInsurance", "action_flag": 1, "change_message": "[{\"added\": {}}]"}}, {"model": "admin.logentry", "pk": 262, "fields": {"action_time": "2020-10-02T11:13:24.404Z", "user": 1, "content_type": 8, "object_id": "71", "object_repr": "406 Drew Lane Rent", "action_flag": 1, "change_message": "[{\"added\": {}}]"}}, {"model": "admin.logentry", "pk": 263, "fields": {"action_time": "2020-10-02T12:38:17.980Z", "user": 1, "content_type": 5, "object_id": "10", "object_repr": "James Smith\r\n", "action_flag": 3, "change_message": ""}}, {"model": "admin.logentry", "pk": 264, "fields": {"action_time": "2020-10-02T12:38:28.832Z", "user": 1, "content_type": 5, "object_id": "9", "object_repr": "Mike Douglas\r\n", "action_flag": 3, "change_message": ""}}, {"model": "admin.logentry", "pk": 265, "fields": {"action_time": "2020-10-03T20:15:45.070Z", "user": 1, "content_type": 6, "object_id": "105", "object_repr": "406 Drew Lane Service:HOA", "action_flag": 1, "change_message": "[{\"added\": {}}]"}}, {"model": "admin.logentry", "pk": 266, "fields": {"action_time": "2020-10-03T20:16:48.339Z", "user": 1, "content_type": 8, "object_id": "72", "object_repr": "45 Arrowhead Rent", "action_flag": 1, "change_message": "[{\"added\": {}}]"}}, {"model": "admin.logentry", "pk": 267, "fields": {"action_time": "2020-10-03T20:17:51.671Z", "user": 1, "content_type": 8, "object_id": "73", "object_repr": "406 Drew Lane Rent", "action_flag": 1, "change_message": "[{\"added\": {}}]"}}, {"model": "admin.logentry", "pk": 268, "fields": {"action_time": "2020-10-04T18:34:48.638Z", "user": 1, "content_type": 8, "object_id": "74", "object_repr": "45 Arrowhead Rent", "action_flag": 1, "change_message": "[{\"added\": {}}]"}}, {"model": "admin.logentry", "pk": 269, "fields": {"action_time": "2020-10-04T18:36:09.025Z", "user": 1, "content_type": 8, "object_id": "75", "object_repr": "45 Arrowhead Rent", "action_flag": 1, "change_message": "[{\"added\": {}}]"}}, {"model": "admin.logentry", "pk": 270, "fields": {"action_time": "2020-10-04T18:37:20.782Z", "user": 1, "content_type": 8, "object_id": "76", "object_repr": "45 Arrowhead Rent", "action_flag": 1, "change_message": "[{\"added\": {}}]"}}, {"model": "admin.logentry", "pk": 271, "fields": {"action_time": "2020-10-04T18:37:49.322Z", "user": 1, "content_type": 8, "object_id": "76", "object_repr": "45 Arrowhead Rent", "action_flag": 3, "change_message": ""}}, {"model": "admin.logentry", "pk": 272, "fields": {"action_time": "2020-10-05T05:13:06.868Z", "user": 1, "content_type": 5, "object_id": "11", "object_repr": "MarquisTIELF", "action_flag": 3, "change_message": ""}}, {"model": "admin.logentry", "pk": 273, "fields": {"action_time": "2020-10-08T07:32:31.770Z", "user": 1, "content_type": 8, "object_id": "77", "object_repr": "\u041e\u0432\u0447\u0438\u043d\u0430 Rent", "action_flag": 1, "change_message": "[{\"added\": {}}]"}}, {"model": "admin.logentry", "pk": 274, "fields": {"action_time": "2020-10-08T07:35:40.334Z", "user": 1, "content_type": 8, "object_id": "78", "object_repr": "\u041e\u0432\u0447\u0438\u043d\u0430 Rent", "action_flag": 1, "change_message": "[{\"added\": {}}]"}}, {"model": "admin.logentry", "pk": 275, "fields": {"action_time": "2020-10-08T07:36:48.789Z", "user": 1, "content_type": 6, "object_id": "106", "object_repr": "\u041e\u0432\u0447\u0438\u043d\u0430 Service:Cleaning", "action_flag": 1, "change_message": "[{\"added\": {}}]"}}, {"model": "admin.logentry", "pk": 276, "fields": {"action_time": "2020-10-08T07:37:20.597Z", "user": 1, "content_type": 6, "object_id": "107", "object_repr": "\u041e\u0432\u0447\u0438\u043d\u0430 Service:Cleaning", "action_flag": 1, "change_message": "[{\"added\": {}}]"}}, {"model": "admin.logentry", "pk": 277, "fields": {"action_time": "2020-10-08T07:37:43.683Z", "user": 1, "content_type": 6, "object_id": "108", "object_repr": "\u041e\u0432\u0447\u0438\u043d\u0430 Service:Reception", "action_flag": 1, "change_message": "[{\"added\": {}}]"}}, {"model": "admin.logentry", "pk": 278, "fields": {"action_time": "2020-10-08T07:41:19.879Z", "user": 1, "content_type": 6, "object_id": "103", "object_repr": "45 Arrowhead MortageTaxInsurance", "action_flag": 2, "change_message": "[{\"changed\": {\"fields\": [\"note\"]}}]"}}, {"model": "admin.logentry", "pk": 279, "fields": {"action_time": "2020-10-08T07:46:08.600Z", "user": 1, "content_type": 8, "object_id": "79", "object_repr": "45 Arrowhead Rent", "action_flag": 1, "change_message": "[{\"added\": {}}]"}}, {"model": "admin.logentry", "pk": 280, "fields": {"action_time": "2020-10-08T07:46:59.914Z", "user": 1, "content_type": 8, "object_id": "80", "object_repr": "45 Arrowhead Rent", "action_flag": 1, "change_message": "[{\"added\": {}}]"}}, {"model": "admin.logentry", "pk": 281, "fields": {"action_time": "2020-10-08T07:48:26.120Z", "user": 1, "content_type": 8, "object_id": "81", "object_repr": "45 Arrowhead Rent", "action_flag": 1, "change_message": "[{\"added\": {}}]"}}, {"model": "admin.logentry", "pk": 282, "fields": {"action_time": "2020-10-08T09:06:03.850Z", "user": 1, "content_type": 1, "object_id": "1", "object_repr": "\u041e\u0432\u0447\u0438\u043d\u0430", "action_flag": 2, "change_message": "[{\"changed\": {\"fields\": [\"owner\"]}}]"}}, {"model": "admin.logentry", "pk": 283, "fields": {"action_time": "2020-10-08T12:35:41.113Z", "user": 1, "content_type": 8, "object_id": "82", "object_repr": "406 Drew Lane Security Deposit", "action_flag": 1, "change_message": "[{\"added\": {}}]"}}, {"model": "admin.logentry", "pk": 284, "fields": {"action_time": "2020-10-08T12:36:15.658Z", "user": 1, "content_type": 8, "object_id": "55", "object_repr": "406 Drew Lane Rent", "action_flag": 2, "change_message": "[{\"changed\": {\"fields\": [\"amount\", \"note\"]}}]"}}, {"model": "admin.logentry", "pk": 285, "fields": {"action_time": "2020-10-08T12:42:19.749Z", "user": 1, "content_type": 8, "object_id": "55", "object_repr": "406 Drew Lane Rent", "action_flag": 2, "change_message": "[{\"changed\": {\"fields\": [\"note\"]}}]"}}, {"model": "admin.logentry", "pk": 286, "fields": {"action_time": "2020-10-08T12:43:49.626Z", "user": 1, "content_type": 7, "object_id": "14", "object_repr": "Service:AgentFee", "action_flag": 1, "change_message": "[{\"added\": {}}]"}}, {"model": "admin.logentry", "pk": 287, "fields": {"action_time": "2020-10-08T12:46:03.702Z", "user": 1, "content_type": 6, "object_id": "109", "object_repr": "406 Drew Lane Service:AgentFee", "action_flag": 1, "change_message": "[{\"added\": {}}]"}}, {"model": "admin.logentry", "pk": 288, "fields": {"action_time": "2020-10-08T15:53:27.034Z", "user": 1, "content_type": 6, "object_id": "110", "object_repr": "\u0421\u0438\u043c\u0432\u043e\u043b Service:Repair", "action_flag": 1, "change_message": "[{\"added\": {}}]"}}, {"model": "admin.logentry", "pk": 289, "fields": {"action_time": "2020-10-10T17:39:49.484Z", "user": 1, "content_type": 8, "object_id": "81", "object_repr": "45 Arrowhead Rent", "action_flag": 2, "change_message": "[{\"changed\": {\"fields\": [\"amount\"]}}]"}}, {"model": "admin.logentry", "pk": 290, "fields": {"action_time": "2020-10-10T17:44:38.460Z", "user": 1, "content_type": 9, "object_id": "3", "object_repr": "Insurance:Payment", "action_flag": 1, "change_message": "[{\"added\": {}}]"}}, {"model": "admin.logentry", "pk": 291, "fields": {"action_time": "2020-10-10T17:49:49.989Z", "user": 1, "content_type": 8, "object_id": "83", "object_repr": "339 Old Town Insurance:Payment", "action_flag": 1, "change_message": "[{\"added\": {}}]"}}, {"model": "admin.logentry", "pk": 292, "fields": {"action_time": "2020-10-13T13:03:18.810Z", "user": 1, "content_type": 13, "object_id": "3", "object_repr": "Margarita", "action_flag": 1, "change_message": "[{\"added\": {}}]"}}, {"model": "admin.logentry", "pk": 293, "fields": {"action_time": "2020-10-13T13:04:26.253Z", "user": 1, "content_type": 13, "object_id": "3", "object_repr": "Margarita", "action_flag": 2, "change_message": "[{\"changed\": {\"fields\": [\"first_name\", \"last_name\", \"email\"]}}]"}}, {"model": "admin.logentry", "pk": 294, "fields": {"action_time": "2020-10-13T13:06:13.620Z", "user": 1, "content_type": 2, "object_id": "3", "object_repr": "Margarita", "action_flag": 1, "change_message": "[{\"added\": {}}]"}}, {"model": "admin.logentry", "pk": 295, "fields": {"action_time": "2020-10-13T13:06:43.400Z", "user": 1, "content_type": 1, "object_id": "2", "object_repr": "\u0421\u0438\u043c\u0432\u043e\u043b", "action_flag": 2, "change_message": "[{\"changed\": {\"fields\": [\"status\", \"owner\"]}}]"}}, {"model": "admin.logentry", "pk": 296, "fields": {"action_time": "2020-10-15T06:07:29.746Z", "user": 1, "content_type": 6, "object_id": "111", "object_repr": "\u041e\u0432\u0447\u0438\u043d\u0430 Utilities:Misc", "action_flag": 1, "change_message": "[{\"added\": {}}]"}}, {"model": "admin.logentry", "pk": 297, "fields": {"action_time": "2020-10-15T06:10:59.322Z", "user": 1, "content_type": 6, "object_id": "112", "object_repr": "\u041e\u0432\u0447\u0438\u043d\u0430 Utilities:Misc", "action_flag": 1, "change_message": "[{\"added\": {}}]"}}, {"model": "admin.logentry", "pk": 298, "fields": {"action_time": "2020-10-15T06:14:20.624Z", "user": 1, "content_type": 5, "object_id": "12", "object_repr": "Anthonyvow", "action_flag": 3, "change_message": ""}}, {"model": "admin.logentry", "pk": 299, "fields": {"action_time": "2020-10-15T06:14:35.791Z", "user": 1, "content_type": 5, "object_id": "14", "object_repr": "Madi Manager", "action_flag": 3, "change_message": ""}}, {"model": "admin.logentry", "pk": 300, "fields": {"action_time": "2020-10-15T06:14:48.480Z", "user": 1, "content_type": 5, "object_id": "13", "object_repr": "Dave Stills", "action_flag": 3, "change_message": ""}}, {"model": "admin.logentry", "pk": 301, "fields": {"action_time": "2020-10-15T09:17:35.633Z", "user": 1, "content_type": 6, "object_id": "113", "object_repr": "\u0421\u0438\u043c\u0432\u043e\u043b Service:Repair", "action_flag": 1, "change_message": "[{\"added\": {}}]"}}, {"model": "admin.logentry", "pk": 302, "fields": {"action_time": "2020-10-15T09:19:01.393Z", "user": 1, "content_type": 8, "object_id": "84", "object_repr": "\u041e\u0432\u0447\u0438\u043d\u0430 Rent", "action_flag": 1, "change_message": "[{\"added\": {}}]"}}, {"model": "admin.logentry", "pk": 303, "fields": {"action_time": "2020-10-15T09:19:24.954Z", "user": 1, "content_type": 6, "object_id": "114", "object_repr": "\u041e\u0432\u0447\u0438\u043d\u0430 Service:Reception", "action_flag": 1, "change_message": "[{\"added\": {}}]"}}, {"model": "realtors.realtor", "pk": 1, "fields": {"name": "katya", "user": 2, "photo": "photos/2020/07/01/Stas2014.jpg", "description": "", "phone": "111", "email": "spolonsky@icloud.com", "is_mvp": false, "hire_date": "2020-07-01T17:01:34Z"}}, {"model": "owners.owner", "pk": 1, "fields": {"status": "Customer", "name": "katya", "user": 2, "description": "", "phone": "111111", "email": "spolonsky@icloud.com", "account": "111", "client_since": "2020-07-01T17:00:33Z"}}, {"model": "owners.owner", "pk": 2, "fields": {"status": "Customer", "name": "stas", "user": 1, "description": "", "phone": "79687672174", "email": "stas@youmoscow.com", "account": "111", "client_since": "2020-07-01T19:03:53Z"}}, {"model": "owners.owner", "pk": 3, "fields": {"status": "Customer", "name": "Margarita", "user": 3, "description": "", "phone": "9859811145", "email": "mapolonsky@yahoo.com", "account": "1", "client_since": "2020-10-13T13:04:46Z"}}]